scenario,delta,temps_reduit,rayon_reduit,energie_reduite
sans_germe,1.2,0.0,0.0,0.0
sans_germe,1.2,0.1,0.0,0.0
sans_germe,1.2,0.2,0.0,0.0
sans_germe,1.2,0.3,0.0,0.0
sans_germe,1.2,0.4,0.0,0.0
sans_germe,1.2,0.5,0.0,0.0
sans_germe,1.2,0.6,0.0,0.0
sans_germe,1.2,0.7000000000000001,0.0,0.0
sans_germe,1.2,0.8,0.0,0.0
sans_germe,1.2,0.9,0.0,0.0
sans_germe,1.2,1.0,0.0,0.0
sans_germe,1.2,1.1,0.0,0.0
sans_germe,1.2,1.2,0.0,0.0
sans_germe,1.2,1.3,0.0,0.0
sans_germe,1.2,1.4000000000000001,0.0,0.0
sans_germe,1.2,1.5,0.0,0.0
sans_germe,1.2,1.6,0.0,0.0
sans_germe,1.2,1.7,0.0,0.0
sans_germe,1.2,1.8,0.0,0.0
sans_germe,1.2,1.9000000000000001,0.0,0.0
sans_germe,1.2,2.0,0.0,0.0
sans_germe,1.2,2.1,0.0,0.0
sans_germe,1.2,2.2,0.0,0.0
sans_germe,1.2,2.3000000000000003,0.0,0.0
sans_germe,1.2,2.4,0.0,0.0
sans_germe,1.2,2.5,0.0,0.0
sans_germe,1.2,2.6,0.0,0.0
sans_germe,1.2,2.7,0.0,0.0
sans_germe,1.2,2.8000000000000003,0.0,0.0
sans_germe,1.2,2.9,0.0,0.0
sans_germe,1.2,3.0,0.0,0.0
sans_germe,1.2,3.1,0.0,0.0
sans_germe,1.2,3.2,0.0,0.0
sans_germe,1.2,3.3000000000000003,0.0,0.0
sans_germe,1.2,3.4,0.0,0.0
sans_germe,1.2,3.5,0.0,0.0
sans_germe,1.2,3.6,0.0,0.0
sans_germe,1.2,3.7,0.0,0.0
sans_germe,1.2,3.8000000000000003,0.0,0.0
sans_germe,1.2,3.9,0.0,0.0
sans_germe,1.2,4.0,0.0,0.0
sans_germe,1.2,4.1,0.0,0.0
sans_germe,1.2,4.2,0.0,0.0
sans_germe,1.2,4.3,0.0,0.0
sans_germe,1.2,4.4,0.0,0.0
sans_germe,1.2,4.5,0.0,0.0
sans_germe,1.2,4.6000000000000005,0.0,0.0
sans_germe,1.2,4.7,0.0,0.0
sans_germe,1.2,4.8,0.0,0.0
sans_germe,1.2,4.9,0.0,0.0
sans_germe,1.2,5.0,0.0,0.0
sans_germe,1.2,5.1000000000000005,0.0,0.0
sans_germe,1.2,5.2,0.0,0.0
sans_germe,1.2,5.3,0.0,0.0
sans_germe,1.2,5.4,0.0,0.0
sans_germe,1.2,5.5,0.0,0.0
sans_germe,1.2,5.6000000000000005,0.0,0.0
sans_germe,1.2,5.7,0.0,0.0
sans_germe,1.2,5.8,0.0,0.0
sans_germe,1.2,5.9,0.0,0.0
sans_germe,1.2,6.0,0.0,0.0
sans_germe,1.2,6.1000000000000005,0.0,0.0
sans_germe,1.2,6.2,0.0,0.0
sans_germe,1.2,6.3,0.0,0.0
sans_germe,1.2,6.4,0.0,0.0
sans_germe,1.2,6.5,0.0,0.0
sans_germe,1.2,6.6000000000000005,0.0,0.0
sans_germe,1.2,6.7,0.0,0.0
sans_germe,1.2,6.8,0.0,0.0
sans_germe,1.2,6.9,0.0,0.0
sans_germe,1.2,7.0,0.0,0.0
sans_germe,1.2,7.1000000000000005,0.0,0.0
sans_germe,1.2,7.2,0.0,0.0
sans_germe,1.2,7.3,0.0,0.0
sans_germe,1.2,7.4,0.0,0.0
sans_germe,1.2,7.5,0.0,0.0
sans_germe,1.2,7.6000000000000005,0.0,0.0
sans_germe,1.2,7.7,0.0,0.0
sans_germe,1.2,7.8,0.0,0.0
sans_germe,1.2,7.9,0.0,0.0
sans_germe,1.2,8.0,0.0,0.0
sans_germe,1.2,8.1,0.0,0.0
sans_germe,1.2,8.2,0.0,0.0
sans_germe,1.2,8.3,0.0,0.0
sans_germe,1.2,8.4,0.0,0.0
sans_germe,1.2,8.5,0.0,0.0
sans_germe,1.2,8.6,0.0,0.0
sans_germe,1.2,8.700000000000001,0.0,0.0
sans_germe,1.2,8.8,0.0,0.0
sans_germe,1.2,8.9,0.0,0.0
sans_germe,1.2,9.0,0.0,0.0
sans_germe,1.2,9.1,0.0,0.0
sans_germe,1.2,9.200000000000001,0.0,0.0
sans_germe,1.2,9.3,0.0,0.0
sans_germe,1.2,9.4,0.0,0.0
sans_germe,1.2,9.5,0.0,0.0
sans_germe,1.2,9.6,0.0,0.0
sans_germe,1.2,9.700000000000001,0.0,0.0
sans_germe,1.2,9.8,0.0,0.0
sans_germe,1.2,9.9,0.0,0.0
sans_germe,1.2,10.0,0.0,0.0
sans_germe,1.2,10.1,0.0,0.0
sans_germe,1.2,10.200000000000001,0.0,0.0
sans_germe,1.2,10.3,0.0,0.0
sans_germe,1.2,10.4,0.0,0.0
sans_germe,1.2,10.5,0.0,0.0
sans_germe,1.2,10.6,0.0,0.0
sans_germe,1.2,10.700000000000001,0.0,0.0
sans_germe,1.2,10.8,0.0,0.0
sans_germe,1.2,10.9,0.0,0.0
sans_germe,1.2,11.0,0.0,0.0
sans_germe,1.2,11.1,0.0,0.0
sans_germe,1.2,11.200000000000001,0.0,0.0
sans_germe,1.2,11.3,0.0,0.0
sans_germe,1.2,11.4,0.0,0.0
sans_germe,1.2,11.5,0.0,0.0
sans_germe,1.2,11.6,0.0,0.0
sans_germe,1.2,11.700000000000001,0.0,0.0
sans_germe,1.2,11.8,0.0,0.0
sans_germe,1.2,11.9,0.0,0.0
sans_germe,1.2,12.0,0.0,0.0
sans_germe,1.2,12.1,0.0,0.0
sans_germe,1.2,12.200000000000001,0.0,0.0
sans_germe,1.2,12.3,0.0,0.0
sans_germe,1.2,12.4,0.0,0.0
sans_germe,1.2,12.5,0.0,0.0
sans_germe,1.2,12.6,0.0,0.0
sans_germe,1.2,12.700000000000001,0.0,0.0
sans_germe,1.2,12.8,0.0,0.0
sans_germe,1.2,12.9,0.0,0.0
sans_germe,1.2,13.0,0.0,0.0
sans_germe,1.2,13.1,0.0,0.0
sans_germe,1.2,13.200000000000001,0.0,0.0
sans_germe,1.2,13.3,0.0,0.0
sans_germe,1.2,13.4,0.0,0.0
sans_germe,1.2,13.5,0.0,0.0
sans_germe,1.2,13.6,0.0,0.0
sans_germe,1.2,13.700000000000001,0.0,0.0
sans_germe,1.2,13.8,0.0,0.0
sans_germe,1.2,13.9,0.0,0.0
sans_germe,1.2,14.0,0.0,0.0
sans_germe,1.2,14.1,0.0,0.0
sans_germe,1.2,14.200000000000001,0.0,0.0
sans_germe,1.2,14.3,0.0,0.0
sans_germe,1.2,14.4,0.0,0.0
sans_germe,1.2,14.5,0.0,0.0
sans_germe,1.2,14.6,0.0,0.0
sans_germe,1.2,14.700000000000001,0.0,0.0
sans_germe,1.2,14.8,0.0,0.0
sans_germe,1.2,14.9,0.0,0.0
sans_germe,1.2,15.0,0.0,0.0
sans_germe,1.2,15.1,0.0,0.0
sans_germe,1.2,15.200000000000001,0.0,0.0
sans_germe,1.2,15.3,0.0,0.0
sans_germe,1.2,15.4,0.0,0.0
sans_germe,1.2,15.5,0.0,0.0
sans_germe,1.2,15.6,0.0,0.0
sans_germe,1.2,15.700000000000001,0.0,0.0
sans_germe,1.2,15.8,0.0,0.0
sans_germe,1.2,15.9,0.0,0.0
sans_germe,1.2,16.0,0.0,0.0
sans_germe,1.2,16.1,0.0,0.0
sans_germe,1.2,16.2,0.0,0.0
sans_germe,1.2,16.3,0.0,0.0
sans_germe,1.2,16.4,0.0,0.0
sans_germe,1.2,16.5,0.0,0.0
sans_germe,1.2,16.6,0.0,0.0
sans_germe,1.2,16.7,0.0,0.0
sans_germe,1.2,16.8,0.0,0.0
sans_germe,1.2,16.9,0.0,0.0
sans_germe,1.2,17.0,0.0,0.0
sans_germe,1.2,17.1,0.0,0.0
sans_germe,1.2,17.2,0.0,0.0
sans_germe,1.2,17.3,0.0,0.0
sans_germe,1.2,17.400000000000002,0.0,0.0
sans_germe,1.2,17.5,0.0,0.0
sans_germe,1.2,17.6,0.0,0.0
sans_germe,1.2,17.7,0.0,0.0
sans_germe,1.2,17.8,0.0,0.0
sans_germe,1.2,17.900000000000002,0.0,0.0
sans_germe,1.2,18.0,0.0,0.0
sans_germe,1.2,18.1,0.0,0.0
sans_germe,1.2,18.2,0.0,0.0
sans_germe,1.2,18.3,0.0,0.0
sans_germe,1.2,18.400000000000002,0.0,0.0
sans_germe,1.2,18.5,0.0,0.0
sans_germe,1.2,18.6,0.0,0.0
sans_germe,1.2,18.7,0.0,0.0
sans_germe,1.2,18.8,0.0,0.0
sans_germe,1.2,18.900000000000002,0.0,0.0
sans_germe,1.2,19.0,0.0,0.0
sans_germe,1.2,19.1,0.0,0.0
sans_germe,1.2,19.2,0.0,0.0
sans_germe,1.2,19.3,0.0,0.0
sans_germe,1.2,19.400000000000002,0.0,0.0
sans_germe,1.2,19.5,0.0,0.0
sans_germe,1.2,19.6,0.0,0.0
sans_germe,1.2,19.7,0.0,0.0
sans_germe,1.2,19.8,0.0,0.0
sans_germe,1.2,19.900000000000002,0.0,0.0
sans_germe,1.2,20.0,0.0,0.0
sans_germe,1.2,20.1,0.0,0.0
sans_germe,1.2,20.2,0.0,0.0
sans_germe,1.2,20.3,0.0,0.0
sans_germe,1.2,20.400000000000002,0.0,0.0
sans_germe,1.2,20.5,0.0,0.0
sans_germe,1.2,20.6,0.0,0.0
sans_germe,1.2,20.7,0.0,0.0
sans_germe,1.2,20.8,0.0,0.0
sans_germe,1.2,20.900000000000002,0.0,0.0
sans_germe,1.2,21.0,0.0,0.0
sans_germe,1.2,21.1,0.0,0.0
sans_germe,1.2,21.2,0.0,0.0
sans_germe,1.2,21.3,0.0,0.0
sans_germe,1.2,21.400000000000002,0.0,0.0
sans_germe,1.2,21.5,0.0,0.0
sans_germe,1.2,21.6,0.0,0.0
sans_germe,1.2,21.7,0.0,0.0
sans_germe,1.2,21.8,0.0,0.0
sans_germe,1.2,21.900000000000002,0.0,0.0
sans_germe,1.2,22.0,0.0,0.0
sans_germe,1.2,22.1,0.0,0.0
sans_germe,1.2,22.2,0.0,0.0
sans_germe,1.2,22.3,0.0,0.0
sans_germe,1.2,22.400000000000002,0.0,0.0
sans_germe,1.2,22.5,0.0,0.0
sans_germe,1.2,22.6,0.0,0.0
sans_germe,1.2,22.7,0.0,0.0
sans_germe,1.2,22.8,0.0,0.0
sans_germe,1.2,22.900000000000002,0.0,0.0
sans_germe,1.2,23.0,0.0,0.0
sans_germe,1.2,23.1,0.0,0.0
sans_germe,1.2,23.2,0.0,0.0
sans_germe,1.2,23.3,0.0,0.0
sans_germe,1.2,23.400000000000002,0.0,0.0
sans_germe,1.2,23.5,0.0,0.0
sans_germe,1.2,23.6,0.0,0.0
sans_germe,1.2,23.7,0.0,0.0
sans_germe,1.2,23.8,0.0,0.0
sans_germe,1.2,23.900000000000002,0.0,0.0
sans_germe,1.2,24.0,0.0,0.0
sans_germe,1.2,24.1,0.0,0.0
sans_germe,1.2,24.2,0.0,0.0
sans_germe,1.2,24.3,0.0,0.0
sans_germe,1.2,24.400000000000002,0.0,0.0
sans_germe,1.2,24.5,0.0,0.0
sans_germe,1.2,24.6,0.0,0.0
sans_germe,1.2,24.7,0.0,0.0
sans_germe,1.2,24.8,0.0,0.0
sans_germe,1.2,24.900000000000002,0.0,0.0
sans_germe,1.2,25.0,0.0,0.0
sans_germe,1.2,25.1,0.0,0.0
sans_germe,1.2,25.2,0.0,0.0
sans_germe,1.2,25.3,0.0,0.0
sans_germe,1.2,25.400000000000002,0.0,0.0
sans_germe,1.2,25.5,0.0,0.0
sans_germe,1.2,25.6,0.0,0.0
sans_germe,1.2,25.7,0.0,0.0
sans_germe,1.2,25.8,0.0,0.0
sans_germe,1.2,25.900000000000002,0.0,0.0
sans_germe,1.2,26.0,0.0,0.0
sans_germe,1.2,26.1,0.0,0.0
sans_germe,1.2,26.2,0.0,0.0
sans_germe,1.2,26.3,0.0,0.0
sans_germe,1.2,26.400000000000002,0.0,0.0
sans_germe,1.2,26.5,0.0,0.0
sans_germe,1.2,26.6,0.0,0.0
sans_germe,1.2,26.7,0.0,0.0
sans_germe,1.2,26.8,0.0,0.0
sans_germe,1.2,26.900000000000002,0.0,0.0
sans_germe,1.2,27.0,0.0,0.0
sans_germe,1.2,27.1,0.0,0.0
sans_germe,1.2,27.2,0.0,0.0
sans_germe,1.2,27.3,0.0,0.0
sans_germe,1.2,27.400000000000002,0.0,0.0
sans_germe,1.2,27.5,0.0,0.0
sans_germe,1.2,27.6,0.0,0.0
sans_germe,1.2,27.7,0.0,0.0
sans_germe,1.2,27.8,0.0,0.0
sans_germe,1.2,27.900000000000002,0.0,0.0
sans_germe,1.2,28.0,0.0,0.0
sans_germe,1.2,28.1,0.0,0.0
sans_germe,1.2,28.2,0.0,0.0
sans_germe,1.2,28.3,0.0,0.0
sans_germe,1.2,28.400000000000002,0.0,0.0
sans_germe,1.2,28.5,0.0,0.0
sans_germe,1.2,28.6,0.0,0.0
sans_germe,1.2,28.7,0.0,0.0
sans_germe,1.2,28.8,0.0,0.0
sans_germe,1.2,28.900000000000002,0.0,0.0
sans_germe,1.2,29.0,0.0,0.0
sans_germe,1.2,29.1,0.0,0.0
sans_germe,1.2,29.2,0.0,0.0
sans_germe,1.2,29.3,0.0,0.0
sans_germe,1.2,29.400000000000002,0.0,0.0
sans_germe,1.2,29.5,0.0,0.0
sans_germe,1.2,29.6,0.0,0.0
sans_germe,1.2,29.7,0.0,0.0
sans_germe,1.2,29.8,0.0,0.0
sans_germe,1.2,29.900000000000002,0.0,0.0
sans_germe,1.2,30.0,0.0,0.0
sans_germe,1.2,30.1,0.0,0.0
sans_germe,1.2,30.2,0.0,0.0
sans_germe,1.2,30.3,0.0,0.0
sans_germe,1.2,30.400000000000002,0.0,0.0
sans_germe,1.2,30.5,0.0,0.0
sans_germe,1.2,30.6,0.0,0.0
sans_germe,1.2,30.7,0.0,0.0
sans_germe,1.2,30.8,0.0,0.0
sans_germe,1.2,30.900000000000002,0.0,0.0
sans_germe,1.2,31.0,0.0,0.0
sans_germe,1.2,31.1,0.0,0.0
sans_germe,1.2,31.2,0.0,0.0
sans_germe,1.2,31.3,0.0,0.0
sans_germe,1.2,31.400000000000002,0.0,0.0
sans_germe,1.2,31.5,0.0,0.0
sans_germe,1.2,31.6,0.0,0.0
sans_germe,1.2,31.7,0.0,0.0
sans_germe,1.2,31.8,0.0,0.0
sans_germe,1.2,31.900000000000002,0.0,0.0
sans_germe,1.2,32.0,0.0,0.0
sans_germe,1.2,32.1,0.0,0.0
sans_germe,1.2,32.2,0.0,0.0
sans_germe,1.2,32.3,0.0,0.0
sans_germe,1.2,32.4,0.0,0.0
sans_germe,1.2,32.5,0.0,0.0
sans_germe,1.2,32.6,0.0,0.0
sans_germe,1.2,32.7,0.0,0.0
sans_germe,1.2,32.8,0.0,0.0
sans_germe,1.2,32.9,0.0,0.0
sans_germe,1.2,33.0,0.0,0.0
sans_germe,1.2,33.1,0.0,0.0
sans_germe,1.2,33.2,0.0,0.0
sans_germe,1.2,33.3,0.0,0.0
sans_germe,1.2,33.4,0.0,0.0
sans_germe,1.2,33.5,0.0,0.0
sans_germe,1.2,33.6,0.0,0.0
sans_germe,1.2,33.7,0.0,0.0
sans_germe,1.2,33.8,0.0,0.0
sans_germe,1.2,33.9,0.0,0.0
sans_germe,1.2,34.0,0.0,0.0
sans_germe,1.2,34.1,0.0,0.0
sans_germe,1.2,34.2,0.0,0.0
sans_germe,1.2,34.300000000000004,0.0,0.0
sans_germe,1.2,34.4,0.0,0.0
sans_germe,1.2,34.5,0.0,0.0
sans_germe,1.2,34.6,0.0,0.0
sans_germe,1.2,34.7,0.0,0.0
sans_germe,1.2,34.800000000000004,0.0,0.0
sans_germe,1.2,34.9,0.0,0.0
sans_germe,1.2,35.0,0.0,0.0
sans_germe,1.2,35.1,0.0,0.0
sans_germe,1.2,35.2,0.0,0.0
sans_germe,1.2,35.300000000000004,0.0,0.0
sans_germe,1.2,35.4,0.0,0.0
sans_germe,1.2,35.5,0.0,0.0
sans_germe,1.2,35.6,0.0,0.0
sans_germe,1.2,35.7,0.0,0.0
sans_germe,1.2,35.800000000000004,0.0,0.0
sans_germe,1.2,35.9,0.0,0.0
sans_germe,1.2,36.0,0.0,0.0
sans_germe,1.2,36.1,0.0,0.0
sans_germe,1.2,36.2,0.0,0.0
sans_germe,1.2,36.300000000000004,0.0,0.0
sans_germe,1.2,36.4,0.0,0.0
sans_germe,1.2,36.5,0.0,0.0
sans_germe,1.2,36.6,0.0,0.0
sans_germe,1.2,36.7,0.0,0.0
sans_germe,1.2,36.800000000000004,0.0,0.0
sans_germe,1.2,36.9,0.0,0.0
sans_germe,1.2,37.0,0.0,0.0
sans_germe,1.2,37.1,0.0,0.0
sans_germe,1.2,37.2,0.0,0.0
sans_germe,1.2,37.300000000000004,0.0,0.0
sans_germe,1.2,37.4,0.0,0.0
sans_germe,1.2,37.5,0.0,0.0
sans_germe,1.2,37.6,0.0,0.0
sans_germe,1.2,37.7,0.0,0.0
sans_germe,1.2,37.800000000000004,0.0,0.0
sans_germe,1.2,37.9,0.0,0.0
sans_germe,1.2,38.0,0.0,0.0
sans_germe,1.2,38.1,0.0,0.0
sans_germe,1.2,38.2,0.0,0.0
sans_germe,1.2,38.300000000000004,0.0,0.0
sans_germe,1.2,38.4,0.0,0.0
sans_germe,1.2,38.5,0.0,0.0
sans_germe,1.2,38.6,0.0,0.0
sans_germe,1.2,38.7,0.0,0.0
sans_germe,1.2,38.800000000000004,0.0,0.0
sans_germe,1.2,38.9,0.0,0.0
sans_germe,1.2,39.0,0.0,0.0
sans_germe,1.2,39.1,0.0,0.0
sans_germe,1.2,39.2,0.0,0.0
sans_germe,1.2,39.300000000000004,0.0,0.0
sans_germe,1.2,39.4,0.0,0.0
sans_germe,1.2,39.5,0.0,0.0
sans_germe,1.2,39.6,0.0,0.0
sans_germe,1.2,39.7,0.0,0.0
sans_germe,1.2,39.800000000000004,0.0,0.0
sans_germe,1.2,39.9,0.0,0.0
sans_germe,1.2,40.0,0.0,0.0
sans_germe,1.2,40.1,0.0,0.0
sans_germe,1.2,40.2,0.0,0.0
sans_germe,1.2,40.300000000000004,0.0,0.0
sans_germe,1.2,40.4,0.0,0.0
sans_germe,1.2,40.5,0.0,0.0
sans_germe,1.2,40.6,0.0,0.0
sans_germe,1.2,40.7,0.0,0.0
sans_germe,1.2,40.800000000000004,0.0,0.0
sans_germe,1.2,40.9,0.0,0.0
sans_germe,1.2,41.0,0.0,0.0
sans_germe,1.2,41.1,0.0,0.0
sans_germe,1.2,41.2,0.0,0.0
sans_germe,1.2,41.300000000000004,0.0,0.0
sans_germe,1.2,41.4,0.0,0.0
sans_germe,1.2,41.5,0.0,0.0
sans_germe,1.2,41.6,0.0,0.0
sans_germe,1.2,41.7,0.0,0.0
sans_germe,1.2,41.800000000000004,0.0,0.0
sans_germe,1.2,41.9,0.0,0.0
sans_germe,1.2,42.0,0.0,0.0
sans_germe,1.2,42.1,0.0,0.0
sans_germe,1.2,42.2,0.0,0.0
sans_germe,1.2,42.300000000000004,0.0,0.0
sans_germe,1.2,42.4,0.0,0.0
sans_germe,1.2,42.5,0.0,0.0
sans_germe,1.2,42.6,0.0,0.0
sans_germe,1.2,42.7,0.0,0.0
sans_germe,1.2,42.800000000000004,0.0,0.0
sans_germe,1.2,42.9,0.0,0.0
sans_germe,1.2,43.0,0.0,0.0
sans_germe,1.2,43.1,0.0,0.0
sans_germe,1.2,43.2,0.0,0.0
sans_germe,1.2,43.300000000000004,0.0,0.0
sans_germe,1.2,43.4,0.0,0.0
sans_germe,1.2,43.5,0.0,0.0
sans_germe,1.2,43.6,0.0,0.0
sans_germe,1.2,43.7,0.0,0.0
sans_germe,1.2,43.800000000000004,0.0,0.0
sans_germe,1.2,43.9,0.0,0.0
sans_germe,1.2,44.0,0.0,0.0
sans_germe,1.2,44.1,0.0,0.0
sans_germe,1.2,44.2,0.0,0.0
sans_germe,1.2,44.300000000000004,0.0,0.0
sans_germe,1.2,44.4,0.0,0.0
sans_germe,1.2,44.5,0.0,0.0
sans_germe,1.2,44.6,0.0,0.0
sans_germe,1.2,44.7,0.0,0.0
sans_germe,1.2,44.800000000000004,0.0,0.0
sans_germe,1.2,44.9,0.0,0.0
sans_germe,1.2,45.0,0.0,0.0
sans_germe,1.2,45.1,0.0,0.0
sans_germe,1.2,45.2,0.0,0.0
sans_germe,1.2,45.300000000000004,0.0,0.0
sans_germe,1.2,45.4,0.0,0.0
sans_germe,1.2,45.5,0.0,0.0
sans_germe,1.2,45.6,0.0,0.0
sans_germe,1.2,45.7,0.0,0.0
sans_germe,1.2,45.800000000000004,0.0,0.0
sans_germe,1.2,45.9,0.0,0.0
sans_germe,1.2,46.0,0.0,0.0
sans_germe,1.2,46.1,0.0,0.0
sans_germe,1.2,46.2,0.0,0.0
sans_germe,1.2,46.300000000000004,0.0,0.0
sans_germe,1.2,46.4,0.0,0.0
sans_germe,1.2,46.5,0.0,0.0
sans_germe,1.2,46.6,0.0,0.0
sans_germe,1.2,46.7,0.0,0.0
sans_germe,1.2,46.800000000000004,0.0,0.0
sans_germe,1.2,46.9,0.0,0.0
sans_germe,1.2,47.0,0.0,0.0
sans_germe,1.2,47.1,0.0,0.0
sans_germe,1.2,47.2,0.0,0.0
sans_germe,1.2,47.300000000000004,0.0,0.0
sans_germe,1.2,47.4,0.0,0.0
sans_germe,1.2,47.5,0.0,0.0
sans_germe,1.2,47.6,0.0,0.0
sans_germe,1.2,47.7,0.0,0.0
sans_germe,1.2,47.800000000000004,0.0,0.0
sans_germe,1.2,47.9,0.0,0.0
sans_germe,1.2,48.0,0.0,0.0
sans_germe,1.2,48.1,0.0,0.0
sans_germe,1.2,48.2,0.0,0.0
sans_germe,1.2,48.300000000000004,0.0,0.0
sans_germe,1.2,48.4,0.0,0.0
sans_germe,1.2,48.5,0.0,0.0
sans_germe,1.2,48.6,0.0,0.0
sans_germe,1.2,48.7,0.0,0.0
sans_germe,1.2,48.800000000000004,0.0,0.0
sans_germe,1.2,48.9,0.0,0.0
sans_germe,1.2,49.0,0.0,0.0
sans_germe,1.2,49.1,0.0,0.0
sans_germe,1.2,49.2,0.0,0.0
sans_germe,1.2,49.300000000000004,0.0,0.0
sans_germe,1.2,49.4,0.0,0.0
sans_germe,1.2,49.5,0.0,0.0
sans_germe,1.2,49.6,0.0,0.0
sans_germe,1.2,49.7,0.0,0.0
sans_germe,1.2,49.800000000000004,0.0,0.0
sans_germe,1.2,49.9,0.0,0.0
sans_germe,1.2,50.0,0.0,0.0
sans_germe,1.2,50.1,0.0,0.0
sans_germe,1.2,50.2,0.0,0.0
sans_germe,1.2,50.300000000000004,0.0,0.0
sans_germe,1.2,50.4,0.0,0.0
sans_germe,1.2,50.5,0.0,0.0
sans_germe,1.2,50.6,0.0,0.0
sans_germe,1.2,50.7,0.0,0.0
sans_germe,1.2,50.800000000000004,0.0,0.0
sans_germe,1.2,50.9,0.0,0.0
sans_germe,1.2,51.0,0.0,0.0
sans_germe,1.2,51.1,0.0,0.0
sans_germe,1.2,51.2,0.0,0.0
sans_germe,1.2,51.300000000000004,0.0,0.0
sans_germe,1.2,51.4,0.0,0.0
sans_germe,1.2,51.5,0.0,0.0
sans_germe,1.2,51.6,0.0,0.0
sans_germe,1.2,51.7,0.0,0.0
sans_germe,1.2,51.800000000000004,0.0,0.0
sans_germe,1.2,51.9,0.0,0.0
sans_germe,1.2,52.0,0.0,0.0
sans_germe,1.2,52.1,0.0,0.0
sans_germe,1.2,52.2,0.0,0.0
sans_germe,1.2,52.300000000000004,0.0,0.0
sans_germe,1.2,52.4,0.0,0.0
sans_germe,1.2,52.5,0.0,0.0
sans_germe,1.2,52.6,0.0,0.0
sans_germe,1.2,52.7,0.0,0.0
sans_germe,1.2,52.800000000000004,0.0,0.0
sans_germe,1.2,52.9,0.0,0.0
sans_germe,1.2,53.0,0.0,0.0
sans_germe,1.2,53.1,0.0,0.0
sans_germe,1.2,53.2,0.0,0.0
sans_germe,1.2,53.300000000000004,0.0,0.0
sans_germe,1.2,53.4,0.0,0.0
sans_germe,1.2,53.5,0.0,0.0
sans_germe,1.2,53.6,0.0,0.0
sans_germe,1.2,53.7,0.0,0.0
sans_germe,1.2,53.800000000000004,0.0,0.0
sans_germe,1.2,53.9,0.0,0.0
sans_germe,1.2,54.0,0.0,0.0
sans_germe,1.2,54.1,0.0,0.0
sans_germe,1.2,54.2,0.0,0.0
sans_germe,1.2,54.300000000000004,0.0,0.0
sans_germe,1.2,54.4,0.0,0.0
sans_germe,1.2,54.5,0.0,0.0
sans_germe,1.2,54.6,0.0,0.0
sans_germe,1.2,54.7,0.0,0.0
sans_germe,1.2,54.800000000000004,0.0,0.0
sans_germe,1.2,54.9,0.0,0.0
sans_germe,1.2,55.0,0.0,0.0
sans_germe,1.2,55.1,0.0,0.0
sans_germe,1.2,55.2,0.0,0.0
sans_germe,1.2,55.300000000000004,0.0,0.0
sans_germe,1.2,55.4,0.0,0.0
sans_germe,1.2,55.5,0.0,0.0
sans_germe,1.2,55.6,0.0,0.0
sans_germe,1.2,55.7,0.0,0.0
sans_germe,1.2,55.800000000000004,0.0,0.0
sans_germe,1.2,55.9,0.0,0.0
sans_germe,1.2,56.0,0.0,0.0
sans_germe,1.2,56.1,0.0,0.0
sans_germe,1.2,56.2,0.0,0.0
sans_germe,1.2,56.300000000000004,0.0,0.0
sans_germe,1.2,56.4,0.0,0.0
sans_germe,1.2,56.5,0.0,0.0
sans_germe,1.2,56.6,0.0,0.0
sans_germe,1.2,56.7,0.0,0.0
sans_germe,1.2,56.800000000000004,0.0,0.0
sans_germe,1.2,56.9,0.0,0.0
sans_germe,1.2,57.0,0.0,0.0
sans_germe,1.2,57.1,0.0,0.0
sans_germe,1.2,57.2,0.0,0.0
sans_germe,1.2,57.300000000000004,0.0,0.0
sans_germe,1.2,57.4,0.0,0.0
sans_germe,1.2,57.5,0.0,0.0
sans_germe,1.2,57.6,0.0,0.0
sans_germe,1.2,57.7,0.0,0.0
sans_germe,1.2,57.800000000000004,0.0,0.0
sans_germe,1.2,57.9,0.0,0.0
sans_germe,1.2,58.0,0.0,0.0
sans_germe,1.2,58.1,0.0,0.0
sans_germe,1.2,58.2,0.0,0.0
sans_germe,1.2,58.300000000000004,0.0,0.0
sans_germe,1.2,58.4,0.0,0.0
sans_germe,1.2,58.5,0.0,0.0
sans_germe,1.2,58.6,0.0,0.0
sans_germe,1.2,58.7,0.0,0.0
sans_germe,1.2,58.800000000000004,0.0,0.0
sans_germe,1.2,58.9,0.0,0.0
sans_germe,1.2,59.0,0.0,0.0
sans_germe,1.2,59.1,0.0,0.0
sans_germe,1.2,59.2,0.0,0.0
sans_germe,1.2,59.300000000000004,0.0,0.0
sans_germe,1.2,59.4,0.0,0.0
sans_germe,1.2,59.5,0.0,0.0
sans_germe,1.2,59.6,0.0,0.0
sans_germe,1.2,59.7,0.0,0.0
sans_germe,1.2,59.800000000000004,0.0,0.0
sans_germe,1.2,59.9,0.0,0.0
sans_germe,1.2,60.0,0.0,0.0
sous_barriere,1.2,0.0,0.5993855551514619,0.13472238817260163
sous_barriere,1.2,0.1,0.588579808173865,0.13355287574543828
sous_barriere,1.2,0.2,0.5761927414020064,0.13201617222598355
sous_barriere,1.2,0.3,0.5620592983578437,0.1300158478516498
sous_barriere,1.2,0.4,0.5460231832554552,0.12744102541180924
sous_barriere,1.2,0.5,0.5279487916051419,0.12417052697210501
sous_barriere,1.2,0.6,0.5077364331626821,0.1200811994987183
sous_barriere,1.2,0.7000000000000001,0.4853403975598612,0.1150613967060494
sous_barriere,1.2,0.8,0.4607885358731345,0.10902973236039637
sous_barriere,1.2,0.9,0.43420092279660577,0.10195757414825064
sous_barriere,1.2,1.0,0.40580407324064854,0.09389146445379845
sous_barriere,1.2,1.1,0.3759365605813161,0.08496944156661626
sous_barriere,1.2,1.2,0.3450422615750527,0.07542435938150413
sous_barriere,1.2,1.3,0.3136492056872756,0.06556907647241501
sous_barriere,1.2,1.4000000000000001,0.2823350014969767,0.05576316137701271
sous_barriere,1.2,1.5,0.2516832433683389,0.04636710912852203
sous_barriere,1.2,1.6,0.22223791376766264,0.03769506427608575
sous_barriere,1.2,1.7,0.19446349464859344,0.029977962051815566
sous_barriere,1.2,1.8,0.1687169691400771,0.023345206546454632
sous_barriere,1.2,1.9000000000000001,0.14523478112692043,0.017826496070243544
sous_barriere,1.2,2.0,0.12413435152229849,0.013369393817112357
sous_barriere,1.2,2.1,0.105427071978912,0.009865091610770932
sous_barriere,1.2,2.2,0.08903839527064508,0.00717495062975458
sous_barriere,1.2,2.3000000000000003,0.07483066671226406,0.005152689312264969
sous_barriere,1.2,2.4,0.06262524333103349,0.0036599424574585058
sous_barriere,1.2,2.5,0.05222169042791853,0.002575198905452889
sous_barriere,1.2,2.6,0.04341301797216946,0.0017974161143955347
sous_barriere,1.2,2.7,0.03599680676519284,0.0012460171808354053
sous_barriere,1.2,2.8000000000000003,0.029782626444539138,0.0008588264261511229
sous_barriere,1.2,2.9,0.02459641211153484,0.0005891110619392157
sous_barriere,1.2,3.0,0.020282528489006253,0.0004024808671578447
sous_barriere,1.2,3.1,0.016704193079493494,0.00027405836527245224
sous_barriere,1.2,3.2,0.013742816775527817,0.0001860964405884546
sous_barriere,1.2,3.3000000000000003,0.011296693525937967,0.0001260775453730207
sous_barriere,1.2,3.4,0.00927935316376996,8.52541161154158e-05
sous_barriere,1.2,3.5,0.0076177935570536735,5.7559241108217324e-05
sous_barriere,1.2,3.6,0.0062507321910855946,3.8811144730026254e-05
sous_barriere,1.2,3.7,0.005126961368063845,2.6141982538886378e-05
sous_barriere,1.2,3.8000000000000003,0.0042038519726895,1.759312657326471e-05
sous_barriere,1.2,3.9,0.0034460244456266534,1.1831434526536986e-05
sous_barriere,1.2,4.0,0.002824188834813432,7.95201500099678e-06
sous_barriere,1.2,4.1,0.0023141457729798885,5.342051589862803e-06
sous_barriere,1.2,4.2,0.0018959348132224266,3.5872994099600443e-06
sous_barriere,1.2,4.3,0.001553114163440093,2.408167481523555e-06
sous_barriere,1.2,4.4,0.001272155372567141,1.6161832067133978e-06
sous_barriere,1.2,4.5,0.0010419371640410901,1.0844264816231706e-06
sous_barriere,1.2,4.6000000000000005,0.0008533238684416335,7.274988429117269e-07
sous_barriere,1.2,4.7,0.000698815443590581,4.879790117771602e-07
sous_barriere,1.2,4.8,0.0005722576785886862,3.2727895493103264e-07
sous_barriere,1.2,4.9,0.00046860273536896243,2.194787638269418e-07
sous_barriere,1.2,5.0,0.000383711620475188,1.4717434568246215e-07
sous_barriere,1.2,5.1000000000000005,0.0003141914698801805,9.86831962115652e-08
sous_barriere,1.2,5.2,0.0002572616618360941,6.616540105780089e-08
sous_barriere,1.2,5.3,0.0002106437511217723,4.4360820361721064e-08
sous_barriere,1.2,5.4,0.0001724710538379858,2.9740792017776463e-08
sous_barriere,1.2,5.5,0.0001412144196471195,1.993850855191157e-08
sous_barriere,1.2,5.6000000000000005,0.00011562132362272424,1.3366641772868661e-08
sous_barriere,1.2,5.7,9.466590788950856e-05,8.96072919789978e-09
sous_barriere,1.2,5.8,7.750801814054429e-05,6.00699620528367e-09
sous_barriere,1.2,5.9,6.345962463307827e-05,4.026851361478115e-09
sous_barriere,1.2,6.0,5.1957302566869885e-05,2.699411677307671e-09
sous_barriere,1.2,6.1000000000000005,4.253968250974298e-05,1.8095424751172668e-09
sous_barriere,1.2,6.2,3.4828976019905595e-05,1.2130125044052528e-09
sous_barriere,1.2,6.3,2.8515841825522543e-05,8.131285014192559e-10
sous_barriere,1.2,6.4,2.3346989749423075e-05,5.450683559359427e-10
sous_barriere,1.2,6.5,1.9115027939299e-05,3.65376843167145e-10
sous_barriere,1.2,6.6000000000000005,1.565014798767883e-05,2.4492304334732766e-10
sous_barriere,1.2,6.7,1.281331561116614e-05,1.6417881300074046e-10
sous_barriere,1.2,6.8,1.0490694528707821e-05,1.1005344017472186e-10
sous_barriere,1.2,6.9,8.58908036747487e-06,7.377162568030015e-11
sous_barriere,1.2,7.0,7.03216175721937e-06,4.945092804686285e-11
sous_barriere,1.2,7.1000000000000005,5.757458835402979e-06,3.314812866785759e-11
sous_barriere,1.2,7.2,4.713816480724071e-06,2.2219954089879265e-11
sous_barriere,1.2,7.3,3.859351794501337e-06,1.4894534958001375e-11
sous_barriere,1.2,7.4,3.159773538793743e-06,9.984135165567872e-12
sous_barriere,1.2,7.5,2.5870061404881847e-06,6.692582302870996e-12
sous_barriere,1.2,7.6000000000000005,2.118063075400526e-06,4.486181055870162e-12
sous_barriere,1.2,7.7,1.7341244425382822e-06,3.007182019715386e-12
sous_barriere,1.2,7.8,1.4197817252337665e-06,2.015777094542101e-12
sous_barriere,1.2,7.9,1.1624194400837517e-06,1.3512172792892302e-12
sous_barriere,1.2,8.0,9.517088646869939e-07,9.057488436463896e-13
sous_barriere,1.2,8.1,7.791935307842496e-07,6.071420537957014e-13
sous_barriere,1.2,8.2,6.379498505958216e-07,4.0697973493353745e-13
sous_barriere,1.2,8.3,5.223092583862501e-07,2.7280680940708607e-13
sous_barriere,1.2,8.4,4.2763071735409633e-07,1.8286794701145952e-13
sous_barriere,1.2,8.5,3.5011446277685324e-07,1.2258009126730713e-13
sous_barriere,1.2,8.6,2.8664950695804143e-07,8.216791471566218e-14
sous_barriere,1.2,8.700000000000001,2.3468878627618992e-07,5.5078812615649375e-14
sous_barriere,1.2,8.8,1.921469398578239e-07,3.6920438929631997e-14
sous_barriere,1.2,8.9,1.5731661758110591e-07,2.4748514014249877e-14
sous_barriere,1.2,9.0,1.287999586954961e-07,1.658942708079583e-14
sous_barriere,1.2,9.1,1.0545249114704826e-07,1.112022663828551e-14
sous_barriere,1.2,9.200000000000001,8.633720015475979e-08,7.454111444091404e-15
sous_barriere,1.2,9.3,7.068692269054976e-08,4.996640662716101e-15
sous_barriere,1.2,9.4,5.787355864937934e-08,3.3493485839818347e-15
sous_barriere,1.2,9.5,4.73828630644837e-08,2.2451355987145914e-15
sous_barriere,1.2,9.6,3.879380770341803e-08,1.5049594538544588e-15
sous_barriere,1.2,9.700000000000001,3.176168376175738e-08,1.0088045212044625e-15
sous_barriere,1.2,9.8,2.6004267511887204e-08,6.76221910072826e-16
sous_barriere,1.2,9.9,2.1290493689595333e-08,4.532851112526571e-16
sous_barriere,1.2,10.0,1.7431182044246646e-08,3.0384610181017674e-16
sous_barriere,1.2,10.1,1.4271444878145573e-08,2.0367413580944163e-16
sous_barriere,1.2,10.200000000000001,1.1684470864127146e-08,1.3652685767304243e-16
sous_barriere,1.2,10.3,9.566435664917764e-09,9.151669039715615e-17
sous_barriere,1.2,10.4,7.832335100065211e-09,6.134547260720334e-17
sous_barriere,1.2,10.5,6.412573631141187e-09,4.1121100293535706e-17
sous_barriere,1.2,10.6,5.250171249380312e-09,2.7564297993454518e-17
sous_barriere,1.2,10.700000000000001,4.298476668504381e-09,1.8476901584959154e-17
sous_barriere,1.2,10.8,3.5192950452344534e-09,1.2385437568917898e-17
sous_barriere,1.2,10.9,2.8813550864107028e-09,8.302207108468447e-18
sous_barriere,1.2,11.0,2.359054022393182e-09,5.565135866565766e-18
sous_barriere,1.2,11.1,1.9314300781507994e-09,3.730422139100217e-18
sous_barriere,1.2,11.200000000000001,1.5813212037164593e-09,2.5005767451054422e-18
sous_barriere,1.2,11.3,1.294676300921788e-09,1.6761867218537302e-18
sous_barriere,1.2,11.4,1.0599913035313498e-09,1.1235815622917045e-18
sous_barriere,1.2,11.5,8.678474786984527e-10,7.531592455860588e-19
sous_barriere,1.2,11.6,7.105334201631158e-10,5.04857740786062e-19
sous_barriere,1.2,11.700000000000001,5.817355624548413e-10,3.3841626441465727e-19
sous_barriere,1.2,11.8,4.762847953503994e-10,2.2684720616672503e-19
sous_barriere,1.2,11.9,3.8994900933642596e-10,1.5206022981921123e-19
sous_barriere,1.2,12.0,3.1926324619870085e-10,1.0192902033862059e-19
sous_barriere,1.2,12.1,2.6139063808546325e-10,6.832506565967547e-20
sous_barriere,1.2,12.200000000000001,2.1400855404149807e-10,4.579966119247785e-20
sous_barriere,1.2,12.3,1.752153846739107e-10,3.07004310206887e-20
sous_barriere,1.2,12.4,1.4345422389110675e-10,2.0579114349050813e-20
sous_barriere,1.2,12.5,1.174503847953165e-10,1.3794592886839725e-20
sous_barriere,1.2,12.6,9.616024202211766e-11,9.246792144803792e-21
sous_barriere,1.2,12.700000000000001,7.872934739047251e-11,6.198310140009179e-21
sous_barriere,1.2,12.8,6.445813789728923e-11,4.1548515409002856e-21
sous_barriere,1.2,12.9,5.2773859797948225e-11,2.7850802778167174e-21
sous_barriere,1.2,13.0,4.320758198758302e-11,1.866895141127667e-21
sous_barriere,1.2,13.1,3.537537614940782e-11,1.2514172376648712e-21
sous_barriere,1.2,13.200000000000001,2.8962908363371982e-11,8.388500608391674e-22
sous_barriere,1.2,13.3,2.3712823782301033e-11,5.622980117162389e-22
sous_barriere,1.2,13.4,1.9414418078286536e-11,3.7691962931069355e-22
sous_barriere,1.2,13.5,1.5895181138205794e-11,2.5265678341208946e-22
sous_barriere,1.2,13.6,1.3013873627182862e-11,1.6936090678193463e-22
sous_barriere,1.2,13.700000000000001,1.0654858558174386e-11,1.1352601089341172e-22
sous_barriere,1.2,13.8,8.723460373665816e-12,7.609876089020963e-23
sous_barriere,1.2,13.9,7.142165283132012e-12,5.101052493118756e-23
sous_barriere,1.2,14.0,5.847510362463751e-12,3.4193377438907673e-23
sous_barriere,1.2,14.1,4.7875365639975076e-12,2.2920506351496013e-23
sous_barriere,1.2,14.200000000000001,3.919703417498322e-12,1.5364074881083786e-23
sous_barriere,1.2,14.3,3.2091817317245568e-12,1.029884738719937e-23
sous_barriere,1.2,14.4,2.6274557766938278e-12,6.903523858462417e-24
sous_barriere,1.2,14.5,2.151178847316561e-12,4.62757043313159e-24
sous_barriere,1.2,14.6,1.76123627814757e-12,3.1019532274572772e-24
sous_barriere,1.2,14.700000000000001,1.44197830474775e-12,2.079301431359997e-24
sous_barriere,1.2,14.8,1.1805919836888478e-12,1.3937974319486136e-24
sous_barriere,1.2,14.9,9.665869641458195e-13,9.342903592556683e-25
sous_barriere,1.2,15.0,7.913744732852697e-13,6.262735569670093e-25
sous_barriere,1.2,15.1,6.479226186553726e-13,4.198037197649452e-25
sous_barriere,1.2,15.200000000000001,5.304741736519087e-13,2.8140284891151617e-25
sous_barriere,1.2,15.3,4.3431551980027855e-13,1.8862997073929878e-25
sous_barriere,1.2,15.4,3.555874726959993e-13,1.2644245073828008e-25
sous_barriere,1.2,15.5,2.9113039938446163e-13,8.475690944572981e-26
sous_barriere,1.2,15.6,2.383574111965845e-13,5.681425547232324e-26
sous_barriere,1.2,15.700000000000001,1.951505428236263e-13,3.8083734364348074e-26
sous_barriere,1.2,15.8,1.5977575093289668e-13,2.5528290586166683e-26
sous_barriere,1.2,15.9,1.308133209203666e-13,1.7112124930212435e-26
sous_barriere,1.2,16.0,1.0710088877880787e-13,1.1470600377209264e-26
sous_barriere,1.2,16.1,8.76867913489735e-14,7.688973377077695e-27
sous_barriere,1.2,16.2,7.17918727356051e-14,5.154072990884924e-27
sous_barriere,1.2,16.3,5.877821404563949e-14,3.454878446394794e-27
sous_barriere,1.2,16.4,4.8123531463214715e-14,2.315874280490898e-27
sous_barriere,1.2,16.5,3.940021516633364e-14,1.5523769551533219e-27
sous_barriere,1.2,16.6,3.225816784331401e-14,1.0405893926073824e-27
sous_barriere,1.2,16.7,2.6410754058433923e-14,6.975279299350643e-28
sous_barriere,1.2,16.8,2.162329656548228e-14,4.67566954358787e-28
sous_barriere,1.2,16.9,1.7703657885886298e-14,3.1341950254049817e-28
sous_barriere,1.2,17.0,1.4494529157076897e-14,2.1009137548534905e-28
sous_barriere,1.2,17.1,1.1867116775502145e-14,1.4082846056340263e-28
sous_barriere,1.2,17.2,9.715973457105738e-15,9.440014021918226e-29
sous_barriere,1.2,17.3,7.954766267578816e-15,6.327830637180927e-29
sous_barriere,1.2,17.400000000000002,6.512811778580093e-15,4.2416717263211294e-29
sous_barriere,1.2,17.5,5.332239293577873e-15,2.8432775883975694e-29
sous_barriere,1.2,17.6,4.365668293606773e-15,1.9059059649803384e-29
sous_barriere,1.2,17.7,3.574306890682517e-15,1.2775669748780476e-29
sous_barriere,1.2,17.8,2.92639497313381e-15,8.563787538782805e-30
sous_barriere,1.2,17.900000000000002,2.3959295608071218e-15,5.740478460349393e-30
sous_barriere,1.2,18.0,1.9616212141733068e-15,3.8479577878947505e-30
sous_barriere,1.2,18.1,1.6060396143693347e-15,2.579363242923597e-30
sous_barriere,1.2,18.2,1.3149140233022157e-15,1.7289988886768175e-30
sous_barriere,1.2,18.3,1.076560548822931e-15,1.158982615281929e-30
sous_barriere,1.2,18.400000000000002,8.814132291108388e-16,7.768892804515952e-31
sous_barriere,1.2,18.5,7.216401170384853e-16,5.207644585193183e-31
sous_barriere,1.2,18.6,5.908289566344052e-16,3.4907885599769962e-31
sous_barriere,1.2,18.7,4.83729836736728e-16,2.339945549493414e-31
sous_barriere,1.2,18.8,3.9604449362513777e-16,1.5685124093079172e-31
sous_barriere,1.2,18.900000000000002,3.2425380660601825e-16,1.0514053109849304e-31
sous_barriere,1.2,19.0,2.6547656334293146e-16,7.047780568437348e-32
sous_barriere,1.2,19.1,2.173538266892482e-16,4.724268597645973e-32
sous_barriere,1.2,19.2,1.7795426225792152e-16,3.166771945576111e-32
sous_barriere,1.2,19.3,1.4569662719137032e-16,2.1227507174941147e-32
sous_barriere,1.2,19.400000000000002,1.19286309333657e-16,1.4229223594444902e-32
sous_barriere,1.2,19.5,9.766336989911948e-17,9.538133820052237e-33
sous_barriere,1.2,19.6,7.996000440732072e-17,6.39360230481875e-33
sous_barriere,1.2,19.7,6.546571464227543e-17,4.285759793623836e-33
sous_barriere,1.2,19.8,5.359879386439172e-17,2.8728307037175556e-33
sous_barriere,1.2,19.900000000000002,4.3882980876563796e-17,1.925716010612864e-33
sous_barriere,1.2,20.0,3.59283459901177e-17,1.2908460455856067e-33
sous_barriere,1.2,20.1,2.94156417773114e-17,8.652799811711077e-34
sous_barriere,1.2,20.2,2.4083490551140523e-17,5.8001451712687485e-34
sous_barriere,1.2,20.3,1.9717894361028238e-17,3.887953580326692e-34
sous_barriere,1.2,20.400000000000002,1.614364650369408e-17,2.6061732243623406e-34
sous_barriere,1.2,20.5,1.3217299862978047e-17,1.746970156678795e-34
sous_barriere,1.2,20.6,1.0821409873407742e-17,1.1710291164828656e-34
sous_barriere,1.2,20.7,8.859821057422965e-18,7.849642916955538e-35
sous_barriere,1.2,20.8,7.253807968446933e-18,5.261773004310422e-35
sous_barriere,1.2,20.900000000000002,5.938915662299956e-18,3.527071924391173e-35
sous_barriere,1.2,21.0,4.8623728939798936e-18,2.3642670160110407e-35
sous_barriere,1.2,21.1,3.980974222313563e-18,1.5848155758725075e-35
sous_barriere,1.2,21.2,3.2593460239025863e-18,1.0623336503529599e-35
sous_barriere,1.2,21.3,2.6685268254150595e-18,7.121035417959776e-36
sous_barriere,1.2,21.400000000000002,2.1848049779732763e-18,4.7733727917768086e-36
sous_barriere,1.2,21.5,1.7887670254296073e-18,3.1996874712642855e-36
sous_barriere,1.2,21.6,1.464518574208147e-18,2.144814654200664e-36
sous_barriere,1.2,21.7,1.1990463954832491e-18,1.4377122585213723e-36
sous_barriere,1.2,21.8,9.816961586156264e-19,9.637273478406772e-37
sous_barriere,1.2,21.900000000000002,8.037448354550687e-19,6.460057605206954e-37
sous_barriere,1.2,22.0,6.580506145930972e-19,4.330306113663529e-37
sous_barriere,1.2,22.1,5.387662753953214e-19,2.9026909950334726e-37
sous_barriere,1.2,22.2,4.411045185070361e-19,1.945731962473242e-37
sous_barriere,1.2,22.3,3.6114583472129074e-19,1.3042631393653785e-37
sous_barriere,1.2,22.400000000000002,2.956812013125125e-19,8.742737280961053e-38
sous_barriere,1.2,22.5,2.4208329268723644e-19,5.860432059829419e-38
sous_barriere,1.2,22.6,1.9820103658316065e-19,3.928365090263939e-38
sous_barriere,1.2,22.7,1.6227328398656803e-19,2.6332618695785353e-38
sous_barriere,1.2,22.8,1.3285812803878445e-19,1.7651282185970042e-38
sous_barriere,1.2,22.900000000000002,1.0877503525121923e-19,1.1832008293903986e-38
sous_barriere,1.2,23.0,8.905746655146262e-20,7.931232348564884e-39
sous_barriere,1.2,23.1,7.29140866766668e-20,5.3164640358924784e-39
sous_barriere,1.2,23.2,5.969700511096746e-20,3.563732419218875e-39
sous_barriere,1.2,23.3,4.887577396425516e-20,2.3888412806049624e-39
sous_barriere,1.2,23.400000000000002,4.0016099235874183e-20,1.6012881980553303e-39
sous_barriere,1.2,23.5,3.276241107151404e-20,1.0733755792188657e-39
sous_barriere,1.2,23.6,2.68235934965043e-20,7.195051680657079e-40
sous_barriere,1.2,23.7,2.1961300909605418e-20,4.8229873764223575e-40
sous_barriere,1.2,23.8,1.7980392437168786e-20,3.2329451219459647e-40
sous_barriere,1.2,23.900000000000002,1.4721100244712468e-20,2.1671079241487346e-40
sous_barriere,1.2,24.0,1.2052617492757961e-20,1.452655884267352e-40
sous_barriere,1.2,24.1,9.867848599082246e-21,9.737443597440945e-41
sous_barriere,1.2,24.2,8.079111116976763e-21,6.527203644045752e-41
sous_barriere,1.2,24.3,6.6146167307966286e-21,4.3753154495334676e-41
sous_barriere,1.2,24.400000000000002,5.4155901387957755e-21,2.9328616551422046e-41
sous_barriere,1.2,24.5,4.4339101939002086e-21,1.9659559607572186e-41
sous_barriere,1.2,24.6,3.630178633116378e-21,1.3178196908334697e-41
sous_barriere,1.2,24.7,2.9721388869048654e-21,8.833609563052092e-42
sous_barriere,1.2,24.8,2.433381509787785e-21,5.92134557217708e-42
sous_barriere,1.2,24.900000000000002,1.9922842765747963e-21,3.9691966386871593e-42
sous_barriere,1.2,25.0,1.6311444065477891e-21,2.660632075012139e-42
sous_barriere,1.2,25.1,1.3354680887139205e-21,1.7834750159732118e-42
sous_barriere,1.2,25.2,1.0933887942808333e-21,1.1954990554588944e-42
sous_barriere,1.2,25.3,8.951910311913037e-22,8.013669823253497e-43
sous_barriere,1.2,25.400000000000002,7.329204273146423e-22,5.371723527750779e-43
sous_barriere,1.2,25.5,6.000644935642606e-22,3.600773964365325e-43
sous_barriere,1.2,25.6,4.9129125484443825e-22,2.4136709708662277e-43
sous_barriere,1.2,25.7,4.0223525916847958e-22,1.6179320371833394e-43
sous_barriere,1.2,25.8,3.2932237674282207e-22,1.0845322782354124e-43
sous_barriere,1.2,25.900000000000002,2.696263575891906e-22,7.269837270681408e-44
sous_barriere,1.2,26.0,2.2075139085852784e-22,4.873117656597453e-44
sous_barriere,1.2,26.1,1.8073595252962085e-22,3.2665484536789366e-44
sous_barriere,1.2,26.2,1.4797408256296596e-22,2.1896329110351465e-44
sous_barriere,1.2,26.3,1.2115093208565058e-22,1.467754834522192e-44
sous_barriere,1.2,26.400000000000002,9.918999388947944e-23,9.83865488779497e-45
sous_barriere,1.2,26.5,8.120989841695395e-23,6.59504760089198e-45
sous_barriere,1.2,26.6,6.648904130632758e-23,4.4207926138345354e-45
sous_barriere,1.2,26.7,5.44366228749231e-23,2.9633459100266016e-45
sous_barriere,1.2,26.8,4.4568937253492734e-23,1.9863901679057726e-45
sous_barriere,1.2,26.900000000000002,3.648995957133166e-23,1.331517149517419e-45
sous_barriere,1.2,27.0,2.9875452087722186e-23,8.925426374457839e-46
sous_barriere,1.2,27.1,2.445995139295825e-23,5.9828922214588025e-46
sous_barriere,1.2,27.2,2.002611442963761e-23,4.010452591489397e-46
sous_barriere,1.2,27.3,1.6395995752648804e-23,2.6882867672087762e-46
sous_barriere,1.2,27.400000000000002,1.3423905953669435e-23,1.802012510529617e-46
sous_barriere,1.2,27.5,1.0990564633675866e-23,1.2079251096700672e-46
sous_barriere,1.2,27.6,8.998313261721563e-24,8.096964155607415e-47
sous_barriere,1.2,27.7,7.367195795198499e-24,5.4275573884790435e-47
sous_barriere,1.2,27.8,6.0317497631113116e-24,3.6382005204793365e-47
sous_barriere,1.2,27.900000000000002,4.938379027269102e-24,2.438758741697132e-47
sous_barriere,1.2,28.0,4.043202781076856e-24,1.634748872890762e-47
sous_barriere,1.2,28.1,3.310294458695629e-24,1.095804940327099e-47
sous_barriere,1.2,28.2,2.710239875812623e-24,7.345400184444821e-48
sous_barriere,1.2,28.3,2.218956735147713e-24,4.923768992457398e-48
sous_barriere,1.2,28.400000000000002,1.8167281193075516e-24,3.3005010594827536e-48
sous_barriere,1.2,28.5,1.4874111816619281e-24,2.212392023332933e-48
sous_barriere,1.2,28.6,1.217789277228884e-24,1.4830107237336478e-48
sous_barriere,1.2,28.7,9.970415323062428e-25,9.940918171435805e-49
sous_barriere,1.2,28.8,8.163085648164568e-25,6.663596729927034e-49
sous_barriere,1.2,28.900000000000002,6.683369261974034e-25,4.466742469189934e-49
sous_barriere,1.2,29.0,5.471879950437934e-25,2.9941470192004644e-49
sous_barriere,1.2,29.1,4.479996393789109e-25,2.0070367688363417e-49
sous_barriere,1.2,29.2,3.6679108222681504e-25,1.345356980011182e-49
sous_barriere,1.2,29.3,3.0030313905527526e-25,9.0181975326452e-50
sous_barriere,1.2,29.400000000000002,2.458674152570742e-25,6.045078588519457e-50
sous_barriere,1.2,29.5,2.0129921410534343e-25,4.0521373599428893e-50
sous_barriere,1.2,29.6,1.6480985720316184e-25,2.7162289031326595e-50
sous_barriere,1.2,29.7,1.3493489853920684e-25,1.8207426843786044e-50
sous_barriere,1.2,29.8,1.1047535112746123e-25,1.2204803206735849e-50
sous_barriere,1.2,29.900000000000002,9.044956744966616e-26,8.181124251831708e-51
sous_barriere,1.2,30.0,7.405384249372255e-26,5.483971588085067e-51
sous_barriere,1.2,30.1,6.063015824964355e-26,3.676016089376819e-51
sous_barriere,1.2,30.2,4.963977513642767e-26,2.4641072755951024e-51
sous_barriere,1.2,30.3,4.0641610491089047e-26,1.6517405033093993e-51
sous_barriere,1.2,30.400000000000002,3.327453637269371e-26,1.1071947708177168e-51
sous_barriere,1.2,30.5,2.724288623012311e-26,7.421748501474315e-52
sous_barriere,1.2,30.6,2.230458876525435e-26,4.974946799871106e-52
sous_barriere,1.2,30.7,1.8261452761822965e-26,3.334806569722916e-52
sous_barriere,1.2,30.8,1.4951212976039322e-26,2.235387694548866e-52
sous_barriere,1.2,30.900000000000002,1.2241017862621111e-26,1.498425183130091e-52
sous_barriere,1.2,31.0,1.0022097775822296e-26,1.0044244382814221e-52
sous_barriere,1.2,31.1,8.205399661645044e-27,6.732858360732461e-53
sous_barriere,1.2,31.2,6.718013046106052e-27,4.513169928765111e-53
sous_barriere,1.2,31.3,5.500243881917502e-27,3.025268276057091e-53
sous_barriere,1.2,31.400000000000002,4.503218816775924e-27,2.0278979711764756e-53
sous_barriere,1.2,31.5,3.686923734133597e-27,1.3593406621317628e-53
sous_barriere,1.2,31.6,3.018597846206777e-27,9.111932957124193e-54
sous_barriere,1.2,31.7,2.471418888534572e-27,6.10791132260546e-54
sous_barriere,1.2,31.8,2.0234266483297098e-27,4.094255401170803e-54
sous_barriere,1.2,31.900000000000002,1.656641624034237e-27,2.744461470482795e-54
sous_barriere,1.2,32.0,1.3563434447936536e-27,1.839667540234715e-54
sous_barriere,1.2,32.1,1.1104800902893983e-27,1.2331660309291502e-54
sous_barriere,1.2,32.2,9.091842008472692e-28,8.266159110702875e-55
sous_barriere,1.2,32.3,7.443770656481251e-28,5.540972158629131e-55
sous_barriere,1.2,32.4,6.094443956973184e-28,3.7142247144686956e-55
sous_barriere,1.2,32.5,4.989708691837167e-28,2.489719282939537e-55
sous_barriere,1.2,32.6,4.085227956015302e-28,1.6689087452608963e-55
sous_barriere,1.2,32.7,3.344701761830547e-28,1.1187029875592367e-55
sous_barriere,1.2,32.8,2.7384101930272947e-28,7.498890385275786e-56
sous_barriere,1.2,32.9,2.242020640181581e-28,5.026656551000227e-56
sous_barriere,1.2,33.0,1.83561124764997e-28,3.3694686524990797e-56
sous_barriere,1.2,33.1,1.5028713795543765e-28,2.2586223834836746e-56
sous_barriere,1.2,33.2,1.2304470166955354e-28,1.513999860894943e-56
sous_barriere,1.2,33.3,1.0074048128748491e-28,1.0148644570034098e-56
sous_barriere,1.2,33.4,8.247933013230508e-29,6.80283989907377e-57
sous_barriere,1.2,33.5,6.75283640908999e-29,4.5600799567931394e-57
sous_barriere,1.2,33.6,5.528754840125782e-29,3.056713008221426e-57
sous_barriere,1.2,33.7,4.526561615067094e-29,2.0489760054998822e-57
sous_barriere,1.2,33.8,3.706035200962657e-29,1.3734696910774323e-57
sous_barriere,1.2,33.9,3.0342449918404e-29,9.206642670508549e-58
sous_barriere,1.2,34.0,2.484229687866183e-29,6.1713971420757126e-58
sous_barriere,1.2,34.1,2.0339152437168546e-29,4.1368112186237924e-58
sous_barriere,1.2,34.2,1.6652289596366133e-29,2.7729874880124376e-58
sous_barriere,1.2,34.300000000000004,1.363374160540227e-29,1.8587891016287688e-58
sous_barriere,1.2,34.4,1.1162363534888284e-29,1.2459835968500368e-58
sous_barriere,1.2,34.5,9.138970305527314e-30,8.352077824531e-59
sous_barriere,1.2,34.6,7.48235604263053e-30,5.59856519486896e-59
sous_barriere,1.2,34.7,6.126034999241552e-30,3.752830481193244e-59
sous_barriere,1.2,34.800000000000004,5.01557324967108e-30,2.515597502281612e-59
sous_barriere,1.2,34.9,4.1064040649344336e-30,1.6862554344510039e-59
sous_barriere,1.2,35.0,3.3620392934378696e-30,1.130330821062021e-59
sous_barriere,1.2,35.1,2.7526049633405197e-30,7.576834084206864e-60
sous_barriere,1.2,35.2,2.253642335173048e-30,5.078903774884229e-60
sous_barriere,1.2,35.300000000000004,1.845126286744956e-30,3.40449101403723e-60
sous_barriere,1.2,35.4,1.5106616346802933e-30,2.282098574494936e-60
sous_barriere,1.2,35.5,1.2368251381431761e-30,1.5297364223428867e-60
sous_barriere,1.2,35.6,1.0126267770523148e-30,1.0254129896033584e-60
sous_barriere,1.2,35.7,8.290686839877733e-31,6.873548827692183e-61
sous_barriere,1.2,35.800000000000004,6.78784028178733e-31,4.607477569105469e-61
sous_barriere,1.2,35.9,5.557413587187691e-31,3.088484577905836e-61
sous_barriere,1.2,36.0,4.550025412637724e-31,2.0702731255649092e-61
sous_barriere,1.2,36.1,3.7252457336229373e-31,1.3877455775875896e-61
sous_barriere,1.2,36.2,3.0499732457166456e-31,9.30233679958733e-62
sous_barriere,1.2,36.300000000000004,2.497106893010375e-31,6.235542835119928e-62
sous_barriere,1.2,36.4,2.0444582075849576e-31,4.179809362561498e-62
sous_barriere,1.2,36.5,1.67386080838636e-31,2.801810005851838e-62
sous_barriere,1.2,36.6,1.3704413205694783e-31,1.8781094131242154e-62
sous_barriere,1.2,36.7,1.1220224547432685e-31,1.2589343889481099e-62
sous_barriere,1.2,36.800000000000004,9.186342895914493e-32,8.438889580131866e-63
sous_barriere,1.2,36.9,7.521141439243996e-32,5.656756854911324e-63
sous_barriere,1.2,37.0,6.157789796227934e-32,3.7918375174528864e-63
sous_barriere,1.2,37.1,5.041571878528628e-32,2.5417447006370676e-63
sous_barriere,1.2,37.2,4.12768994192374e-32,1.703782425665841e-63
sous_barriere,1.2,37.300000000000004,3.379466695539975e-32,1.1420795146263878e-63
sous_barriere,1.2,37.4,2.766873313391638e-32,7.655587932358821e-64
sous_barriere,1.2,37.5,2.2653242721587476e-32,5.1316940580315596e-64
sous_barriere,1.2,37.6,1.8546906478132605e-32,3.439877399085972e-64
sous_barriere,1.2,37.7,1.5184922712225785e-32,2.3058187777627048e-64
sous_barriere,1.2,37.800000000000004,1.2432363210982595e-32,1.5456365500979345e-64
sous_barriere,1.2,37.9,1.0178758097026741e-32,1.0360711639778744e-64
sous_barriere,1.2,38.0,8.333662284436978e-33,6.944992707104735e-65
sous_barriere,1.2,38.1,6.823025599884721e-33,4.655367833668226e-65
sous_barriere,1.2,38.2,5.5862208891786675e-33,3.12058638226961e-65
sous_barriere,1.2,38.300000000000004,4.5736108366973364e-33,2.091791608555531e-65
sous_barriere,1.2,38.4,3.744555845630164e-33,1.402169848104303e-65
sous_barriere,1.2,38.5,3.065783028266628e-33,9.399025576407695e-66
sous_barriere,1.2,38.6,2.510050848187031e-33,6.300355260484434e-66
sous_barriere,1.2,38.7,2.0550558217574224e-33,4.2232544305390746e-66
sous_barriere,1.2,38.800000000000004,1.6825374010209644e-33,2.8309321058343816e-66
sous_barriere,1.2,38.9,1.3775451137932852e-33,1.897630540535755e-66
sous_barriere,1.2,39.0,1.1278385487206833e-33,1.272019791980377e-66
sous_barriere,1.2,39.1,9.233961045948413e-34,8.526603659809271e-67
sous_barriere,1.2,39.2,7.560127883092017e-34,5.715553360870539e-67
sous_barriere,1.2,39.300000000000004,6.189709196768111e-34,3.8312499940555736e-67
sous_barriere,1.2,39.4,5.067705273377771e-34,2.5681636737820872e-67
sous_barriere,1.2,39.5,4.149086155974864e-34,1.7214915929702277e-67
sous_barriere,1.2,39.6,3.3969844339878212e-34,1.1539503244755558e-67
sous_barriere,1.2,39.7,2.781215624587156e-34,7.735160350447724e-68
sous_barriere,1.2,39.800000000000004,2.277066763407917e-34,5.1850330450170075e-68
sous_barriere,1.2,39.9,1.8643045865193114e-34,3.475631591316941e-68
sous_barriere,1.2,40.0,1.5263634985015642e-34,2.3297855295579346e-68
sous_barriere,1.2,40.1,1.2496807369377788e-34,1.56170194427335e-68
sous_barriere,1.2,40.2,1.023152051137542e-34,1.0468401197469594e-68
sous_barriere,1.2,40.300000000000004,8.376860495682599e-35,7.017179176412772e-69
sous_barriere,1.2,40.4,6.858393303919062e-35,4.703755871124182e-69
sous_barriere,1.2,40.5,5.615177516145194e-35,3.153021853782251e-69
sous_barriere,1.2,40.6,4.5973185177066665e-35,2.113533755324862e-69
sous_barriere,1.2,40.7,3.763966053161927e-35,1.4167440449355377e-69
sous_barriere,1.2,40.800000000000004,3.081674762100818e-35,9.496719339369134e-70
sous_barriere,1.2,40.9,2.52306189940034e-35,6.365841348205652e-70
sous_barriere,1.2,41.0,2.0657083695185192e-35,4.267151067898859e-70
sous_barriere,1.2,41.1,1.6912589694739711e-35,2.860356901826159e-70
sous_barriere,1.2,41.2,1.3846857301027725e-35,1.917354571150248e-70
sous_barriere,1.2,41.300000000000004,1.1336847908907758e-35,1.285241205097062e-70
sous_barriere,1.2,41.4,9.281826028507353e-36,8.615229442347657e-71
sous_barriere,1.2,41.5,7.599316416319189e-36,5.774960999533832e-71
sous_barriere,1.2,41.6,6.221794054097915e-36,3.871072125160817e-71
sous_barriere,1.2,41.7,5.093974132788926e-36,2.5948572465522688e-71
sous_barriere,1.2,41.800000000000004,4.170593279028891e-36,1.7393848299080957e-71
sous_barriere,1.2,41.9,3.4145929770471585e-36,1.1659445198899778e-71
sous_barriere,1.2,42.0,2.7956322803106422e-36,7.815559846714882e-72
sous_barriere,1.2,42.1,2.2888701228084734e-36,5.238926439085276e-72
sous_barriere,1.2,42.2,1.8739683598528e-36,3.5117574137293933e-72
sous_barriere,1.2,42.300000000000004,1.5342755269226114e-36,2.3540013925136567e-72
sous_barriere,1.2,42.4,1.2561585579270737e-36,1.5779343226534253e-72
sous_barriere,1.2,42.5,1.0284556423958501e-36,1.0577210083758606e-72
sous_barriere,1.2,42.6,8.420282628343693e-37,7.090115954118658e-73
sous_barriere,1.2,42.7,6.89394433930257e-37,4.752646855340195e-73
sous_barriere,1.2,42.800000000000004,5.644284242125329e-37,3.18579446059043e-73
sous_barriere,1.2,42.9,4.621149089394479e-37,2.135501890641142e-73
sous_barriere,1.2,43.0,3.783476875071459e-37,1.4314697264200493e-73
sous_barriere,1.2,43.1,3.097648872020311e-37,9.595428534328707e-74
sous_barriere,1.2,43.2,2.536140394448023e-37,6.432008100350973e-74
sous_barriere,1.2,43.300000000000004,2.0764161356209384e-37,4.311503968266991e-74
sous_barriere,1.2,43.4,1.7000257468811645e-37,2.890087540058861e-74
sous_barriere,1.2,43.5,1.3918633603733773e-37,1.93728361394987e-74
sous_barriere,1.2,43.6,1.139561337529137e-37,1.2986000419911957e-74
sous_barriere,1.2,43.7,9.329939123067632e-38,8.704776404014801e-75
sous_barriere,1.2,43.800000000000004,7.638708086472117e-38,5.834986123033451e-75
sous_barriere,1.2,43.9,6.254045225875967e-38,3.9113081687301976e-75
sous_barriere,1.2,44.0,5.120379158953575e-38,2.621828273144612e-75
sous_barriere,1.2,44.1,4.192211885991579e-38,1.7574640497049072e-75
sous_barriere,1.2,44.2,3.432292795411016e-38,1.1780633833430366e-75
sous_barriere,1.2,44.300000000000004,2.810123665932956e-38,7.896795017836477e-76
sous_barriere,1.2,44.4,2.3007346658753909e-38,5.293380002760746e-76
sous_barriere,1.2,44.5,1.8836822261355366e-38,3.548258729058931e-76
sous_barriere,1.2,44.6,1.5422285679817317e-38,2.378468955898983e-76
sous_barriere,1.2,44.7,1.2626699572244331e-38,1.5943354208771517e-76
sous_barriere,1.2,44.800000000000004,1.0337867252476137e-38,1.068714993298185e-76
sous_barriere,1.2,44.9,8.463929843134985e-39,7.1638108389511e-77
sous_barriere,1.2,45.0,6.929679656348089e-39,4.802046013960457e-77
sous_barriere,1.2,45.1,5.6735418451694185e-39,3.218907706888841e-77
sous_barriere,1.2,45.2,4.645103188774517e-39,2.1576983634363183e-77
sous_barriere,1.2,45.300000000000004,3.8030888329015e-39,1.4463484670940092e-77
sous_barriere,1.2,45.4,3.113705785028188e-39,9.695163715718004e-78
sous_barriere,1.2,45.5,2.549286682930635e-39,6.49886259176748e-78
sous_barriere,1.2,45.6,2.0871794062934066e-39,4.356317874055297e-78
sous_barriere,1.2,45.7,1.708837967586806e-39,2.920127199466206e-78
sous_barriere,1.2,45.800000000000004,1.3990781964699529e-39,1.957419799837616e-78
sous_barriere,1.2,45.9,1.1454683457214221e-39,1.3120977310497713e-78
sous_barriere,1.2,46.0,9.378301615737823e-40,8.795254119575067e-79
sous_barriere,1.2,46.1,7.678303946527448e-40,5.895635149525898e-79
sous_barriere,1.2,46.2,6.2864635742066295e-40,3.951962426982679e-79
sous_barriere,1.2,46.300000000000004,5.14692105770308e-40,2.6490796374227387e-79
sous_barriere,1.2,46.4,4.213942554748774e-40,1.7757311854722622e-79
sous_barriere,1.2,46.5,3.450084362212307e-40,1.19030821063819e-79
sous_barriere,1.2,46.6,2.8246901688225638e-40,7.978874549842843e-80
sous_barriere,1.2,46.7,2.3126607097591454e-40,5.3483995584636736e-80
sous_barriere,1.2,46.800000000000004,1.8934464450283724e-40,3.585139440190581e-80
sous_barriere,1.2,46.9,1.550222834271249e-40,2.4031908358959846e-80
sous_barriere,1.2,47.0,1.2692151088857303e-40,1.6109069926238163e-80
sous_barriere,1.2,47.1,1.0391454421977302e-40,1.0798232500403162e-80
sous_barriere,1.2,47.2,8.507803306787886e-41,7.238271710699088e-81
sous_barriere,1.2,47.300000000000004,6.965600210294508e-41,4.851958628965489e-81
sous_barriere,1.2,47.4,5.702951107360925e-41,3.2523651332949196e-81
sous_barriere,1.2,47.5,4.669181456162568e-41,2.1801255470572397e-81
sous_barriere,1.2,47.6,3.822802450898278e-41,1.4613818578593883e-81
sous_barriere,1.2,47.7,3.1298459303409583e-41,9.795935547671858e-82
sous_barriere,1.2,47.800000000000004,2.5625011162609303e-41,6.566411970838513e-82
sous_barriere,1.2,47.9,2.0979984692483515e-41,4.401597576968426e-82
sous_barriere,1.2,48.0,1.7176958671499084e-41,2.9504790920238757e-82
sous_barriere,1.2,48.1,1.406330431251907e-41,1.977765281865175e-82
sous_barriere,1.2,48.2,1.15140597336756e-41,1.325735715506498e-82
sous_barriere,1.2,48.300000000000004,9.426914799293192e-42,8.886672263313301e-83
sous_barriere,1.2,48.4,7.718105054920046e-42,5.956914563878237e-83
sous_barriere,1.2,48.5,6.319049965663075e-42,3.9930392468546505e-83
sous_barriere,1.2,48.6,5.173600538527544e-42,2.676614253225249e-83
sous_barriere,1.2,48.7,4.23578586618184e-42,1.7941881904145842e-83
sous_barriere,1.2,48.800000000000004,3.4679681530364675e-42,1.2026803110475167e-83
sous_barriere,1.2,48.9,2.8393321783558888e-42,8.061807219047196e-84
sous_barriere,1.2,49.0,2.3246485732541907e-42,5.403990989132744e-84
sous_barriere,1.2,49.1,1.903261277538128e-42,3.622403490576067e-84
sous_barriere,1.2,49.2,1.558258539485474e-42,2.428169675879403e-84
sous_barriere,1.2,49.300000000000004,1.2757941878690693e-42,1.6276508098004982e-84
sous_barriere,1.2,49.4,1.0445319364897798e-42,1.0910469663470893e-84
sous_barriere,1.2,49.5,8.551904192081648e-43,7.313506531054366e-85
sous_barriere,1.2,49.6,7.001706961332267e-43,4.9023900372368725e-85
sous_barriere,1.2,49.7,5.732512814837282e-43,3.286170317227366e-85
sous_barriere,1.2,49.800000000000004,4.693384535193518e-43,2.2027858395193672e-85
sous_barriere,1.2,49.9,3.842618256025467e-43,1.4765715061540203e-85
sous_barriere,1.2,50.0,3.1460697393999873e-43,9.897754805168304e-86
sous_barriere,1.2,50.1,2.575784047673224e-43,6.634663460247857e-86
sous_barriere,1.2,50.2,2.1088736136895707e-43,4.447347918516109e-86
sous_barriere,1.2,50.300000000000004,1.7265996823505135e-43,2.9811464630928942e-86
sous_barriere,1.2,50.4,1.4136202585783428e-43,1.9983222354631008e-86
sous_barriere,1.2,50.5,1.1573743791859595e-43,1.3395154535960852e-86
sous_barriere,1.2,50.6,9.475779973210176e-44,8.979040610069104e-87
sous_barriere,1.2,50.7,7.758112475571233e-44,6.018830918361401e-87
sous_barriere,1.2,50.800000000000004,6.35180527131041e-44,4.034543020464672e-87
sous_barriere,1.2,50.9,5.200418314594758e-44,2.7044350646772582e-87
sous_barriere,1.2,51.0,4.2577424041831794e-44,1.812837038037956e-87
sous_barriere,1.2,51.1,3.4859446459341636e-44,1.2151810074517062e-87
sous_barriere,1.2,51.2,2.8540500859277116e-44,8.145601892983977e-88
sous_barriere,1.2,51.300000000000004,2.3366985768074684e-44,5.460160238854048e-88
sous_barriere,1.2,51.4,1.9131269860245703e-44,3.6600548646554566e-88
sous_barriere,1.2,51.5,1.566335898426417e-44,2.4534081466992905e-88
sous_barriere,1.2,51.6,1.282407370039462e-44,1.6445686627315297e-88
sous_barriere,1.2,51.7,1.0499463521098554e-44,1.1023873423087925e-88
sous_barriere,1.2,51.800000000000004,8.596233677874682e-45,7.389523344462687e-89
sous_barriere,1.2,51.9,7.038000874628996e-45,4.953345631127852e-89
sous_barriere,1.2,52.0,5.762227757810918e-45,3.3203268732886645e-89
sous_barriere,1.2,52.1,4.71771307283859e-45,2.225681663763213e-89
sous_barriere,1.2,52.2,3.862536777978303e-45,1.491919036123501e-89
sous_barriere,1.2,52.300000000000004,3.162377645883055e-45,1.0000632375180853e-89
sous_barriere,1.2,52.4,2.5891358322328515e-45,6.7036243577521e-90
sous_barriere,1.2,52.5,2.1198051303199734e-45,4.49357379053088e-90
sous_barriere,1.2,52.6,1.7355496511960345e-45,3.012132591766677e-90
sous_barriere,1.2,52.7,1.420947873313247e-45,2.0190928586734393e-90
sous_barriere,1.2,52.800000000000004,1.1633737227177596e-45,1.3534384187101786e-90
sous_barriere,1.2,52.9,9.524898443701138e-46,9.072369036282037e-91
sous_barriere,1.2,53.0,7.798327277917243e-46,6.081390833350816e-91
sous_barriere,1.2,53.1,6.384730366728967e-46,4.0764781855831015e-91
sous_barriere,1.2,53.2,5.227375102769266e-46,2.732545046505199e-91
sous_barriere,1.2,53.300000000000004,4.279812755671843e-46,1.8316797223611414e-91
sous_barriere,1.2,53.4,3.5040143214340724e-46,1.2278116364815084e-91
sous_barriere,1.2,53.5,2.868844284961637e-46,8.230267531357047e-92
sous_barriere,1.2,53.6,2.3488110425269845e-46,5.5169133134966994e-92
sous_barriere,1.2,53.7,1.9230438342074304e-46,3.698097588283215e-92
sous_barriere,1.2,53.800000000000004,1.5744551270095318e-46,2.478908946966601e-92
sous_barriere,1.2,53.9,1.2890548321735303e-46,1.6616623603499284e-92
sous_barriere,1.2,54.0,1.055388833790414e-46,1.11384559048949e-92
sous_barriere,1.2,54.1,8.640792949136133e-47,7.4663302789840715e-93
sous_barriere,1.2,54.2,7.074482920355384e-47,5.004830859040004e-93
sous_barriere,1.2,54.300000000000004,5.792096730590407e-47,3.3548384536516083e-93
sous_barriere,1.2,54.4,4.742167719422637e-47,2.248815467913409e-93
sous_barriere,1.2,54.5,3.882558549197745e-47,1.5074260887948497e-93
sous_barriere,1.2,54.6,3.178770085715948e-47,1.0104579257842573e-93
sous_barriere,1.2,54.7,2.602556826845661e-47,6.773302036960955e-94
sous_barriere,1.2,54.800000000000004,2.130793311349354e-47,4.5402801356911454e-94
sous_barriere,1.2,54.9,1.7445460129276161e-47,3.043440791221642e-94
sous_barriere,1.2,55.0,1.4283134713307042e-47,2.0400793723847664e-94
sous_barriere,1.2,55.1,1.169404164331097e-47,1.3675060995549115e-94
sous_barriere,1.2,55.2,9.57427152374933e-48,9.166667521047731e-95
sous_barriere,1.2,55.300000000000004,7.83875053693784e-48,6.144600998034327e-95
sous_barriere,1.2,55.4,6.417826132037743e-48,4.118849226106653e-95
sous_barriere,1.2,55.5,5.2544716236315576e-48,2.7609472043549258e-95
sous_barriere,1.2,55.6,4.301997510609236e-48,1.8507182581288063e-95
sous_barriere,1.2,55.7,3.522177662555739e-48,1.240573548660661e-95
sous_barriere,1.2,55.800000000000004,2.8837151709206244e-48,8.315813186997766e-96
sous_barriere,1.2,55.9,2.360986294190424e-48,5.574256281355031e-96
sous_barriere,1.2,56.0,1.9330120871734543e-48,3.736535729158674e-96
sous_barriere,1.2,56.1,1.5826164422694893e-48,2.504674803341736e-96
sous_barriere,1.2,56.2,1.2957367519642336e-48,1.6789337303908217e-96
sous_barriere,1.2,56.300000000000004,1.0608595270141467e-48,1.125422936056679e-96
sous_barriere,1.2,56.4,8.685583196977531e-49,7.543935547161843e-97
sous_barriere,1.2,56.5,7.111154073711064e-49,5.056851226005746e-97
sous_barriere,1.2,56.6,5.8221205316016824e-49,3.3897087484497857e-97
sous_barriere,1.2,56.7,4.766749128641526e-49,2.2721897255404747e-97
sous_barriere,1.2,56.800000000000004,3.9026841048847004e-49,1.5230943222519696e-97
sous_barriere,1.2,56.9,3.19524749708411e-49,1.020960656762227e-97
sous_barriere,1.2,57.0,2.6160473902675496e-49,6.843703948125657e-98
sous_barriere,1.2,57.1,2.1418384505021986e-49,4.5874719480496586e-98
sous_barriere,1.2,57.2,1.7535890080265278e-49,3.0750744090714616e-98
sous_barriere,1.2,57.300000000000004,1.4357172495201239e-49,2.0612840205696295e-98
sous_barriere,1.2,57.4,1.1754658652253867e-49,1.381720000310067e-98
sous_barriere,1.2,57.5,9.62390053314394e-50,9.26194614718482e-99
sous_barriere,1.2,57.6,7.87938333318502e-50,6.208468171127387e-99
sous_barriere,1.2,57.7,6.45109345191788e-50,4.161660672537775e-99
sous_barriere,1.2,57.800000000000004,5.281708601497295e-50,2.7896445751130512e-99
sous_barriere,1.2,57.9,4.324297262014865e-50,1.8699546810269258e-99
sous_barriere,1.2,58.0,3.5404351548224726e-50,1.2534681085502824e-99
sous_barriere,1.2,58.1,2.898663141317535e-50,8.40224800683284e-100
sous_barriere,1.2,58.2,2.373224657253792e-50,5.632195273797378e-100
sous_barriere,1.2,58.300000000000004,1.9430320113834848e-50,3.7753733972609503e-100
sous_barriere,1.2,58.4,1.5908200623659767e-50,2.53070847082609e-100
sous_barriere,1.2,58.5,1.3024533080256176e-50,1.6963846195868745e-100
sous_barriere,1.2,58.6,1.0663585780178648e-50,1.1371206169122827e-100
sous_barriere,1.2,58.7,8.73060561868462e-51,7.622347446900745e-101
sous_barriere,1.2,58.800000000000004,7.148015314950699e-51,5.109412294276974e-101
sous_barriere,1.2,58.9,5.85229996340938e-51,3.4249414861721425e-101
sous_barriere,1.2,59.0,4.791457957579608e-51,2.295806935925295e-101
sous_barriere,1.2,59.1,3.9229139830143376e-51,1.5389254118129416e-101
sous_barriere,1.2,59.2,3.2118103204443535e-51,1.0315725534512861e-101
sous_barriere,1.2,59.300000000000004,2.629607883114057e-51,6.914837618935592e-102
sous_barriere,1.2,59.4,2.1529408430255385e-51,4.635154273567516e-102
sous_barriere,1.2,59.5,1.762678878220594e-51,3.107036827725011e-102
sous_barriere,1.2,59.6,1.443159405791511e-51,2.082709070524507e-102
sous_barriere,1.2,59.7,1.1815589874356356e-51,1.3960816407899244e-102
sous_barriere,1.2,59.800000000000004,9.673786798515397e-52,9.358215102313077e-103
sous_barriere,1.2,59.9,7.920226752811915e-52,6.272999181595757e-103
sous_barriere,1.2,60.0,6.484533215636355e-52,4.2049171024691174e-103
au_dessus_barriere,1.2,0.0,0.7325823451851201,0.13448118583216245
au_dessus_barriere,1.2,0.1,0.7447604554220685,0.1329944040751327
au_dessus_barriere,1.2,0.2,0.7592544716050348,0.13088830114655267
au_dessus_barriere,1.2,0.3,0.7765226350859282,0.1278987542714295
au_dessus_barriere,1.2,0.4,0.797107937330947,0.12365030143840235
au_dessus_barriere,1.2,0.5,0.8216410819487868,0.1176162096315091
au_dessus_barriere,1.2,0.6,0.8508279044179704,0.1090764721896196
au_dessus_barriere,1.2,0.7000000000000001,0.8854037822578987,0.0970940340563403
au_dessus_barriere,1.2,0.8,0.9260253997953207,0.0805597093845278
au_dessus_barriere,1.2,0.9,0.9730579006842898,0.05840469978460888
au_dessus_barriere,1.2,1.0,1.02622054369601,0.030115106162564714
au_dessus_barriere,1.2,1.1,1.0841203063324611,-0.0034195542654659183
au_dessus_barriere,1.2,1.2,1.1438835137021026,-0.039136223327863706
au_dessus_barriere,1.2,1.3,1.2013264050640704,-0.07215126530962546
au_dessus_barriere,1.2,1.4000000000000001,1.252022773959457,-0.09791527122417931
au_dessus_barriere,1.2,1.5,1.2928858581737515,-0.1147079662640259
au_dessus_barriere,1.2,1.6,1.323138560861935,-0.12394826413276994
au_dessus_barriere,1.2,1.7,1.3440062764199159,-0.12836135353629874
au_dessus_barriere,1.2,1.8,1.3576553374727787,-0.1302551326489435
au_dessus_barriere,1.2,1.9000000000000001,1.3662595834384235,-0.13100938009633634
au_dessus_barriere,1.2,2.0,1.3715540701116111,-0.13129539137929624
au_dessus_barriere,1.2,2.1,1.3747626471776915,-0.1314005328357658
au_dessus_barriere,1.2,2.2,1.3766889552184798,-0.1314384518374756
au_dessus_barriere,1.2,2.3000000000000003,1.3778388798499326,-0.1314519694559928
au_dessus_barriere,1.2,2.4,1.3785229969587325,-0.13145675483366404
au_dessus_barriere,1.2,2.5,1.3789291657471021,-0.13145844187036249
au_dessus_barriere,1.2,2.6,1.3791700210254336,-0.13145903514691482
au_dessus_barriere,1.2,2.7,1.3793127437809902,-0.13145924347659177
au_dessus_barriere,1.2,2.8000000000000003,1.3793972804105055,-0.13145931656799903
au_dessus_barriere,1.2,2.9,1.379447339944825,-0.1314593421984982
au_dessus_barriere,1.2,3.0,1.379476978950425,-0.13145935118343044
au_dessus_barriere,1.2,3.1,1.3794945259122133,-0.1314593543325846
au_dessus_barriere,1.2,3.2,1.3795049135649826,-0.1314593554362219
au_dessus_barriere,1.2,3.3000000000000003,1.3795110627762568,-0.13145935582297286
au_dessus_barriere,1.2,3.4,1.3795147028770733,-0.13145935595849778
au_dessus_barriere,1.2,3.5,1.379516857655791,-0.1314593560059869
au_dessus_barriere,1.2,3.6,1.3795181331812802,-0.1314593560226276
au_dessus_barriere,1.2,3.7,1.3795188882282134,-0.13145935602845882
au_dessus_barriere,1.2,3.8000000000000003,1.3795193351770096,-0.13145935603050152
au_dessus_barriere,1.2,3.9,1.3795195997472645,-0.13145935603121772
au_dessus_barriere,1.2,4.0,1.3795197563588606,-0.13145935603146874
au_dessus_barriere,1.2,4.1,1.3795198490645975,-0.1314593560315569
au_dessus_barriere,1.2,4.2,1.379519903941449,-0.13145935603158732
au_dessus_barriere,1.2,4.3,1.3795199364256128,-0.13145935603159842
au_dessus_barriere,1.2,4.4,1.3795199556545001,-0.13145935603160197
au_dessus_barriere,1.2,4.5,1.379519967036972,-0.1314593560316032
au_dessus_barriere,1.2,4.6000000000000005,1.3795199737747859,-0.13145935603160364
au_dessus_barriere,1.2,4.7,1.3795199777632108,-0.1314593560316042
au_dessus_barriere,1.2,4.8,1.3795199801241447,-0.13145935603160452
au_dessus_barriere,1.2,4.9,1.3795199815216912,-0.13145935603160408
au_dessus_barriere,1.2,5.0,1.3795199823489637,-0.1314593560316042
au_dessus_barriere,1.2,5.1000000000000005,1.3795199828386648,-0.1314593560316042
au_dessus_barriere,1.2,5.2,1.3795199831285418,-0.13145935603160397
au_dessus_barriere,1.2,5.3,1.3795199833001335,-0.1314593560316042
au_dessus_barriere,1.2,5.4,1.3795199834017065,-0.1314593560316043
au_dessus_barriere,1.2,5.5,1.3795199834618321,-0.1314593560316042
au_dessus_barriere,1.2,5.6000000000000005,1.379519983497423,-0.13145935603160397
au_dessus_barriere,1.2,5.7,1.3795199835184915,-0.1314593560316044
au_dessus_barriere,1.2,5.8,1.3795199835309626,-0.13145935603160386
au_dessus_barriere,1.2,5.9,1.3795199835383447,-0.13145935603160408
au_dessus_barriere,1.2,6.0,1.379519983542715,-0.13145935603160408
au_dessus_barriere,1.2,6.1000000000000005,1.3795199835453016,-0.1314593560316044
au_dessus_barriere,1.2,6.2,1.3795199835468328,-0.13145935603160397
au_dessus_barriere,1.2,6.3,1.3795199835477392,-0.13145935603160397
au_dessus_barriere,1.2,6.4,1.3795199835482757,-0.13145935603160408
au_dessus_barriere,1.2,6.5,1.3795199835485934,-0.13145935603160397
au_dessus_barriere,1.2,6.6000000000000005,1.3795199835487812,-0.13145935603160408
au_dessus_barriere,1.2,6.7,1.3795199835488925,-0.13145935603160408
au_dessus_barriere,1.2,6.8,1.3795199835489582,-0.13145935603160408
au_dessus_barriere,1.2,6.9,1.3795199835489973,-0.13145935603160408
au_dessus_barriere,1.2,7.0,1.3795199835490206,-0.13145935603160364
au_dessus_barriere,1.2,7.1000000000000005,1.3795199835490344,-0.13145935603160375
au_dessus_barriere,1.2,7.2,1.3795199835490424,-0.13145935603160397
au_dessus_barriere,1.2,7.3,1.3795199835490473,-0.13145935603160397
au_dessus_barriere,1.2,7.4,1.3795199835490497,-0.13145935603160375
au_dessus_barriere,1.2,7.5,1.379519983549052,-0.13145935603160397
au_dessus_barriere,1.2,7.6000000000000005,1.379519983549052,-0.13145935603160397
au_dessus_barriere,1.2,7.7,1.379519983549052,-0.13145935603160397
au_dessus_barriere,1.2,7.8,1.379519983549052,-0.13145935603160397
au_dessus_barriere,1.2,7.9,1.379519983549052,-0.13145935603160397
au_dessus_barriere,1.2,8.0,1.379519983549052,-0.13145935603160397
au_dessus_barriere,1.2,8.1,1.379519983549052,-0.13145935603160397
au_dessus_barriere,1.2,8.2,1.379519983549052,-0.13145935603160397
au_dessus_barriere,1.2,8.3,1.379519983549052,-0.13145935603160397
au_dessus_barriere,1.2,8.4,1.379519983549052,-0.13145935603160397
au_dessus_barriere,1.2,8.5,1.379519983549052,-0.13145935603160397
au_dessus_barriere,1.2,8.6,1.379519983549052,-0.13145935603160397
au_dessus_barriere,1.2,8.700000000000001,1.379519983549052,-0.13145935603160397
au_dessus_barriere,1.2,8.8,1.379519983549052,-0.13145935603160397
au_dessus_barriere,1.2,8.9,1.379519983549052,-0.13145935603160397
au_dessus_barriere,1.2,9.0,1.379519983549052,-0.13145935603160397
au_dessus_barriere,1.2,9.1,1.379519983549052,-0.13145935603160397
au_dessus_barriere,1.2,9.200000000000001,1.379519983549052,-0.13145935603160397
au_dessus_barriere,1.2,9.3,1.379519983549052,-0.13145935603160397
au_dessus_barriere,1.2,9.4,1.379519983549052,-0.13145935603160397
au_dessus_barriere,1.2,9.5,1.379519983549052,-0.13145935603160397
au_dessus_barriere,1.2,9.6,1.379519983549052,-0.13145935603160397
au_dessus_barriere,1.2,9.700000000000001,1.379519983549052,-0.13145935603160397
au_dessus_barriere,1.2,9.8,1.379519983549052,-0.13145935603160397
au_dessus_barriere,1.2,9.9,1.379519983549052,-0.13145935603160397
au_dessus_barriere,1.2,10.0,1.379519983549052,-0.13145935603160397
au_dessus_barriere,1.2,10.1,1.379519983549052,-0.13145935603160397
au_dessus_barriere,1.2,10.200000000000001,1.379519983549052,-0.13145935603160397
au_dessus_barriere,1.2,10.3,1.379519983549052,-0.13145935603160397
au_dessus_barriere,1.2,10.4,1.379519983549052,-0.13145935603160397
au_dessus_barriere,1.2,10.5,1.379519983549052,-0.13145935603160397
au_dessus_barriere,1.2,10.6,1.379519983549052,-0.13145935603160397
au_dessus_barriere,1.2,10.700000000000001,1.379519983549052,-0.13145935603160397
au_dessus_barriere,1.2,10.8,1.379519983549052,-0.13145935603160397
au_dessus_barriere,1.2,10.9,1.379519983549052,-0.13145935603160397
au_dessus_barriere,1.2,11.0,1.379519983549052,-0.13145935603160397
au_dessus_barriere,1.2,11.1,1.379519983549052,-0.13145935603160397
au_dessus_barriere,1.2,11.200000000000001,1.379519983549052,-0.13145935603160397
au_dessus_barriere,1.2,11.3,1.379519983549052,-0.13145935603160397
au_dessus_barriere,1.2,11.4,1.379519983549052,-0.13145935603160397
au_dessus_barriere,1.2,11.5,1.379519983549052,-0.13145935603160397
au_dessus_barriere,1.2,11.6,1.379519983549052,-0.13145935603160397
au_dessus_barriere,1.2,11.700000000000001,1.379519983549052,-0.13145935603160397
au_dessus_barriere,1.2,11.8,1.379519983549052,-0.13145935603160397
au_dessus_barriere,1.2,11.9,1.379519983549052,-0.13145935603160397
au_dessus_barriere,1.2,12.0,1.379519983549052,-0.13145935603160397
au_dessus_barriere,1.2,12.1,1.379519983549052,-0.13145935603160397
au_dessus_barriere,1.2,12.200000000000001,1.379519983549052,-0.13145935603160397
au_dessus_barriere,1.2,12.3,1.379519983549052,-0.13145935603160397
au_dessus_barriere,1.2,12.4,1.379519983549052,-0.13145935603160397
au_dessus_barriere,1.2,12.5,1.379519983549052,-0.13145935603160397
au_dessus_barriere,1.2,12.6,1.379519983549052,-0.13145935603160397
au_dessus_barriere,1.2,12.700000000000001,1.379519983549052,-0.13145935603160397
au_dessus_barriere,1.2,12.8,1.379519983549052,-0.13145935603160397
au_dessus_barriere,1.2,12.9,1.379519983549052,-0.13145935603160397
au_dessus_barriere,1.2,13.0,1.379519983549052,-0.13145935603160397
au_dessus_barriere,1.2,13.1,1.379519983549052,-0.13145935603160397
au_dessus_barriere,1.2,13.200000000000001,1.379519983549052,-0.13145935603160397
au_dessus_barriere,1.2,13.3,1.379519983549052,-0.13145935603160397
au_dessus_barriere,1.2,13.4,1.379519983549052,-0.13145935603160397
au_dessus_barriere,1.2,13.5,1.379519983549052,-0.13145935603160397
au_dessus_barriere,1.2,13.6,1.379519983549052,-0.13145935603160397
au_dessus_barriere,1.2,13.700000000000001,1.379519983549052,-0.13145935603160397
au_dessus_barriere,1.2,13.8,1.379519983549052,-0.13145935603160397
au_dessus_barriere,1.2,13.9,1.379519983549052,-0.13145935603160397
au_dessus_barriere,1.2,14.0,1.379519983549052,-0.13145935603160397
au_dessus_barriere,1.2,14.1,1.379519983549052,-0.13145935603160397
au_dessus_barriere,1.2,14.200000000000001,1.379519983549052,-0.13145935603160397
au_dessus_barriere,1.2,14.3,1.379519983549052,-0.13145935603160397
au_dessus_barriere,1.2,14.4,1.379519983549052,-0.13145935603160397
au_dessus_barriere,1.2,14.5,1.379519983549052,-0.13145935603160397
au_dessus_barriere,1.2,14.6,1.379519983549052,-0.13145935603160397
au_dessus_barriere,1.2,14.700000000000001,1.379519983549052,-0.13145935603160397
au_dessus_barriere,1.2,14.8,1.379519983549052,-0.13145935603160397
au_dessus_barriere,1.2,14.9,1.379519983549052,-0.13145935603160397
au_dessus_barriere,1.2,15.0,1.379519983549052,-0.13145935603160397
au_dessus_barriere,1.2,15.1,1.379519983549052,-0.13145935603160397
au_dessus_barriere,1.2,15.200000000000001,1.379519983549052,-0.13145935603160397
au_dessus_barriere,1.2,15.3,1.379519983549052,-0.13145935603160397
au_dessus_barriere,1.2,15.4,1.379519983549052,-0.13145935603160397
au_dessus_barriere,1.2,15.5,1.379519983549052,-0.13145935603160397
au_dessus_barriere,1.2,15.6,1.379519983549052,-0.13145935603160397
au_dessus_barriere,1.2,15.700000000000001,1.379519983549052,-0.13145935603160397
au_dessus_barriere,1.2,15.8,1.379519983549052,-0.13145935603160397
au_dessus_barriere,1.2,15.9,1.379519983549052,-0.13145935603160397
au_dessus_barriere,1.2,16.0,1.379519983549052,-0.13145935603160397
au_dessus_barriere,1.2,16.1,1.379519983549052,-0.13145935603160397
au_dessus_barriere,1.2,16.2,1.379519983549052,-0.13145935603160397
au_dessus_barriere,1.2,16.3,1.379519983549052,-0.13145935603160397
au_dessus_barriere,1.2,16.4,1.379519983549052,-0.13145935603160397
au_dessus_barriere,1.2,16.5,1.379519983549052,-0.13145935603160397
au_dessus_barriere,1.2,16.6,1.379519983549052,-0.13145935603160397
au_dessus_barriere,1.2,16.7,1.379519983549052,-0.13145935603160397
au_dessus_barriere,1.2,16.8,1.379519983549052,-0.13145935603160397
au_dessus_barriere,1.2,16.9,1.379519983549052,-0.13145935603160397
au_dessus_barriere,1.2,17.0,1.379519983549052,-0.13145935603160397
au_dessus_barriere,1.2,17.1,1.379519983549052,-0.13145935603160397
au_dessus_barriere,1.2,17.2,1.379519983549052,-0.13145935603160397
au_dessus_barriere,1.2,17.3,1.379519983549052,-0.13145935603160397
au_dessus_barriere,1.2,17.400000000000002,1.379519983549052,-0.13145935603160397
au_dessus_barriere,1.2,17.5,1.379519983549052,-0.13145935603160397
au_dessus_barriere,1.2,17.6,1.379519983549052,-0.13145935603160397
au_dessus_barriere,1.2,17.7,1.379519983549052,-0.13145935603160397
au_dessus_barriere,1.2,17.8,1.379519983549052,-0.13145935603160397
au_dessus_barriere,1.2,17.900000000000002,1.379519983549052,-0.13145935603160397
au_dessus_barriere,1.2,18.0,1.379519983549052,-0.13145935603160397
au_dessus_barriere,1.2,18.1,1.379519983549052,-0.13145935603160397
au_dessus_barriere,1.2,18.2,1.379519983549052,-0.13145935603160397
au_dessus_barriere,1.2,18.3,1.379519983549052,-0.13145935603160397
au_dessus_barriere,1.2,18.400000000000002,1.379519983549052,-0.13145935603160397
au_dessus_barriere,1.2,18.5,1.379519983549052,-0.13145935603160397
au_dessus_barriere,1.2,18.6,1.379519983549052,-0.13145935603160397
au_dessus_barriere,1.2,18.7,1.379519983549052,-0.13145935603160397
au_dessus_barriere,1.2,18.8,1.379519983549052,-0.13145935603160397
au_dessus_barriere,1.2,18.900000000000002,1.379519983549052,-0.13145935603160397
au_dessus_barriere,1.2,19.0,1.379519983549052,-0.13145935603160397
au_dessus_barriere,1.2,19.1,1.379519983549052,-0.13145935603160397
au_dessus_barriere,1.2,19.2,1.379519983549052,-0.13145935603160397
au_dessus_barriere,1.2,19.3,1.379519983549052,-0.13145935603160397
au_dessus_barriere,1.2,19.400000000000002,1.379519983549052,-0.13145935603160397
au_dessus_barriere,1.2,19.5,1.379519983549052,-0.13145935603160397
au_dessus_barriere,1.2,19.6,1.379519983549052,-0.13145935603160397
au_dessus_barriere,1.2,19.7,1.379519983549052,-0.13145935603160397
au_dessus_barriere,1.2,19.8,1.379519983549052,-0.13145935603160397
au_dessus_barriere,1.2,19.900000000000002,1.379519983549052,-0.13145935603160397
au_dessus_barriere,1.2,20.0,1.379519983549052,-0.13145935603160397
au_dessus_barriere,1.2,20.1,1.379519983549052,-0.13145935603160397
au_dessus_barriere,1.2,20.2,1.379519983549052,-0.13145935603160397
au_dessus_barriere,1.2,20.3,1.379519983549052,-0.13145935603160397
au_dessus_barriere,1.2,20.400000000000002,1.379519983549052,-0.13145935603160397
au_dessus_barriere,1.2,20.5,1.379519983549052,-0.13145935603160397
au_dessus_barriere,1.2,20.6,1.379519983549052,-0.13145935603160397
au_dessus_barriere,1.2,20.7,1.379519983549052,-0.13145935603160397
au_dessus_barriere,1.2,20.8,1.379519983549052,-0.13145935603160397
au_dessus_barriere,1.2,20.900000000000002,1.379519983549052,-0.13145935603160397
au_dessus_barriere,1.2,21.0,1.379519983549052,-0.13145935603160397
au_dessus_barriere,1.2,21.1,1.379519983549052,-0.13145935603160397
au_dessus_barriere,1.2,21.2,1.379519983549052,-0.13145935603160397
au_dessus_barriere,1.2,21.3,1.379519983549052,-0.13145935603160397
au_dessus_barriere,1.2,21.400000000000002,1.379519983549052,-0.13145935603160397
au_dessus_barriere,1.2,21.5,1.379519983549052,-0.13145935603160397
au_dessus_barriere,1.2,21.6,1.379519983549052,-0.13145935603160397
au_dessus_barriere,1.2,21.7,1.379519983549052,-0.13145935603160397
au_dessus_barriere,1.2,21.8,1.379519983549052,-0.13145935603160397
au_dessus_barriere,1.2,21.900000000000002,1.379519983549052,-0.13145935603160397
au_dessus_barriere,1.2,22.0,1.379519983549052,-0.13145935603160397
au_dessus_barriere,1.2,22.1,1.379519983549052,-0.13145935603160397
au_dessus_barriere,1.2,22.2,1.379519983549052,-0.13145935603160397
au_dessus_barriere,1.2,22.3,1.379519983549052,-0.13145935603160397
au_dessus_barriere,1.2,22.400000000000002,1.379519983549052,-0.13145935603160397
au_dessus_barriere,1.2,22.5,1.379519983549052,-0.13145935603160397
au_dessus_barriere,1.2,22.6,1.379519983549052,-0.13145935603160397
au_dessus_barriere,1.2,22.7,1.379519983549052,-0.13145935603160397
au_dessus_barriere,1.2,22.8,1.379519983549052,-0.13145935603160397
au_dessus_barriere,1.2,22.900000000000002,1.379519983549052,-0.13145935603160397
au_dessus_barriere,1.2,23.0,1.379519983549052,-0.13145935603160397
au_dessus_barriere,1.2,23.1,1.379519983549052,-0.13145935603160397
au_dessus_barriere,1.2,23.2,1.379519983549052,-0.13145935603160397
au_dessus_barriere,1.2,23.3,1.379519983549052,-0.13145935603160397
au_dessus_barriere,1.2,23.400000000000002,1.379519983549052,-0.13145935603160397
au_dessus_barriere,1.2,23.5,1.379519983549052,-0.13145935603160397
au_dessus_barriere,1.2,23.6,1.379519983549052,-0.13145935603160397
au_dessus_barriere,1.2,23.7,1.379519983549052,-0.13145935603160397
au_dessus_barriere,1.2,23.8,1.379519983549052,-0.13145935603160397
au_dessus_barriere,1.2,23.900000000000002,1.379519983549052,-0.13145935603160397
au_dessus_barriere,1.2,24.0,1.379519983549052,-0.13145935603160397
au_dessus_barriere,1.2,24.1,1.379519983549052,-0.13145935603160397
au_dessus_barriere,1.2,24.2,1.379519983549052,-0.13145935603160397
au_dessus_barriere,1.2,24.3,1.379519983549052,-0.13145935603160397
au_dessus_barriere,1.2,24.400000000000002,1.379519983549052,-0.13145935603160397
au_dessus_barriere,1.2,24.5,1.379519983549052,-0.13145935603160397
au_dessus_barriere,1.2,24.6,1.379519983549052,-0.13145935603160397
au_dessus_barriere,1.2,24.7,1.379519983549052,-0.13145935603160397
au_dessus_barriere,1.2,24.8,1.379519983549052,-0.13145935603160397
au_dessus_barriere,1.2,24.900000000000002,1.379519983549052,-0.13145935603160397
au_dessus_barriere,1.2,25.0,1.379519983549052,-0.13145935603160397
au_dessus_barriere,1.2,25.1,1.379519983549052,-0.13145935603160397
au_dessus_barriere,1.2,25.2,1.379519983549052,-0.13145935603160397
au_dessus_barriere,1.2,25.3,1.379519983549052,-0.13145935603160397
au_dessus_barriere,1.2,25.400000000000002,1.379519983549052,-0.13145935603160397
au_dessus_barriere,1.2,25.5,1.379519983549052,-0.13145935603160397
au_dessus_barriere,1.2,25.6,1.379519983549052,-0.13145935603160397
au_dessus_barriere,1.2,25.7,1.379519983549052,-0.13145935603160397
au_dessus_barriere,1.2,25.8,1.379519983549052,-0.13145935603160397
au_dessus_barriere,1.2,25.900000000000002,1.379519983549052,-0.13145935603160397
au_dessus_barriere,1.2,26.0,1.379519983549052,-0.13145935603160397
au_dessus_barriere,1.2,26.1,1.379519983549052,-0.13145935603160397
au_dessus_barriere,1.2,26.2,1.379519983549052,-0.13145935603160397
au_dessus_barriere,1.2,26.3,1.379519983549052,-0.13145935603160397
au_dessus_barriere,1.2,26.400000000000002,1.379519983549052,-0.13145935603160397
au_dessus_barriere,1.2,26.5,1.379519983549052,-0.13145935603160397
au_dessus_barriere,1.2,26.6,1.379519983549052,-0.13145935603160397
au_dessus_barriere,1.2,26.7,1.379519983549052,-0.13145935603160397
au_dessus_barriere,1.2,26.8,1.379519983549052,-0.13145935603160397
au_dessus_barriere,1.2,26.900000000000002,1.379519983549052,-0.13145935603160397
au_dessus_barriere,1.2,27.0,1.379519983549052,-0.13145935603160397
au_dessus_barriere,1.2,27.1,1.379519983549052,-0.13145935603160397
au_dessus_barriere,1.2,27.2,1.379519983549052,-0.13145935603160397
au_dessus_barriere,1.2,27.3,1.379519983549052,-0.13145935603160397
au_dessus_barriere,1.2,27.400000000000002,1.379519983549052,-0.13145935603160397
au_dessus_barriere,1.2,27.5,1.379519983549052,-0.13145935603160397
au_dessus_barriere,1.2,27.6,1.379519983549052,-0.13145935603160397
au_dessus_barriere,1.2,27.7,1.379519983549052,-0.13145935603160397
au_dessus_barriere,1.2,27.8,1.379519983549052,-0.13145935603160397
au_dessus_barriere,1.2,27.900000000000002,1.379519983549052,-0.13145935603160397
au_dessus_barriere,1.2,28.0,1.379519983549052,-0.13145935603160397
au_dessus_barriere,1.2,28.1,1.379519983549052,-0.13145935603160397
au_dessus_barriere,1.2,28.2,1.379519983549052,-0.13145935603160397
au_dessus_barriere,1.2,28.3,1.379519983549052,-0.13145935603160397
au_dessus_barriere,1.2,28.400000000000002,1.379519983549052,-0.13145935603160397
au_dessus_barriere,1.2,28.5,1.379519983549052,-0.13145935603160397
au_dessus_barriere,1.2,28.6,1.379519983549052,-0.13145935603160397
au_dessus_barriere,1.2,28.7,1.379519983549052,-0.13145935603160397
au_dessus_barriere,1.2,28.8,1.379519983549052,-0.13145935603160397
au_dessus_barriere,1.2,28.900000000000002,1.379519983549052,-0.13145935603160397
au_dessus_barriere,1.2,29.0,1.379519983549052,-0.13145935603160397
au_dessus_barriere,1.2,29.1,1.379519983549052,-0.13145935603160397
au_dessus_barriere,1.2,29.2,1.379519983549052,-0.13145935603160397
au_dessus_barriere,1.2,29.3,1.379519983549052,-0.13145935603160397
au_dessus_barriere,1.2,29.400000000000002,1.379519983549052,-0.13145935603160397
au_dessus_barriere,1.2,29.5,1.379519983549052,-0.13145935603160397
au_dessus_barriere,1.2,29.6,1.379519983549052,-0.13145935603160397
au_dessus_barriere,1.2,29.7,1.379519983549052,-0.13145935603160397
au_dessus_barriere,1.2,29.8,1.379519983549052,-0.13145935603160397
au_dessus_barriere,1.2,29.900000000000002,1.379519983549052,-0.13145935603160397
au_dessus_barriere,1.2,30.0,1.379519983549052,-0.13145935603160397
au_dessus_barriere,1.2,30.1,1.379519983549052,-0.13145935603160397
au_dessus_barriere,1.2,30.2,1.379519983549052,-0.13145935603160397
au_dessus_barriere,1.2,30.3,1.379519983549052,-0.13145935603160397
au_dessus_barriere,1.2,30.400000000000002,1.379519983549052,-0.13145935603160397
au_dessus_barriere,1.2,30.5,1.379519983549052,-0.13145935603160397
au_dessus_barriere,1.2,30.6,1.379519983549052,-0.13145935603160397
au_dessus_barriere,1.2,30.7,1.379519983549052,-0.13145935603160397
au_dessus_barriere,1.2,30.8,1.379519983549052,-0.13145935603160397
au_dessus_barriere,1.2,30.900000000000002,1.379519983549052,-0.13145935603160397
au_dessus_barriere,1.2,31.0,1.379519983549052,-0.13145935603160397
au_dessus_barriere,1.2,31.1,1.379519983549052,-0.13145935603160397
au_dessus_barriere,1.2,31.2,1.379519983549052,-0.13145935603160397
au_dessus_barriere,1.2,31.3,1.379519983549052,-0.13145935603160397
au_dessus_barriere,1.2,31.400000000000002,1.379519983549052,-0.13145935603160397
au_dessus_barriere,1.2,31.5,1.379519983549052,-0.13145935603160397
au_dessus_barriere,1.2,31.6,1.379519983549052,-0.13145935603160397
au_dessus_barriere,1.2,31.7,1.379519983549052,-0.13145935603160397
au_dessus_barriere,1.2,31.8,1.379519983549052,-0.13145935603160397
au_dessus_barriere,1.2,31.900000000000002,1.379519983549052,-0.13145935603160397
au_dessus_barriere,1.2,32.0,1.379519983549052,-0.13145935603160397
au_dessus_barriere,1.2,32.1,1.379519983549052,-0.13145935603160397
au_dessus_barriere,1.2,32.2,1.379519983549052,-0.13145935603160397
au_dessus_barriere,1.2,32.3,1.379519983549052,-0.13145935603160397
au_dessus_barriere,1.2,32.4,1.379519983549052,-0.13145935603160397
au_dessus_barriere,1.2,32.5,1.379519983549052,-0.13145935603160397
au_dessus_barriere,1.2,32.6,1.379519983549052,-0.13145935603160397
au_dessus_barriere,1.2,32.7,1.379519983549052,-0.13145935603160397
au_dessus_barriere,1.2,32.8,1.379519983549052,-0.13145935603160397
au_dessus_barriere,1.2,32.9,1.379519983549052,-0.13145935603160397
au_dessus_barriere,1.2,33.0,1.379519983549052,-0.13145935603160397
au_dessus_barriere,1.2,33.1,1.379519983549052,-0.13145935603160397
au_dessus_barriere,1.2,33.2,1.379519983549052,-0.13145935603160397
au_dessus_barriere,1.2,33.3,1.379519983549052,-0.13145935603160397
au_dessus_barriere,1.2,33.4,1.379519983549052,-0.13145935603160397
au_dessus_barriere,1.2,33.5,1.379519983549052,-0.13145935603160397
au_dessus_barriere,1.2,33.6,1.379519983549052,-0.13145935603160397
au_dessus_barriere,1.2,33.7,1.379519983549052,-0.13145935603160397
au_dessus_barriere,1.2,33.8,1.379519983549052,-0.13145935603160397
au_dessus_barriere,1.2,33.9,1.379519983549052,-0.13145935603160397
au_dessus_barriere,1.2,34.0,1.379519983549052,-0.13145935603160397
au_dessus_barriere,1.2,34.1,1.379519983549052,-0.13145935603160397
au_dessus_barriere,1.2,34.2,1.379519983549052,-0.13145935603160397
au_dessus_barriere,1.2,34.300000000000004,1.379519983549052,-0.13145935603160397
au_dessus_barriere,1.2,34.4,1.379519983549052,-0.13145935603160397
au_dessus_barriere,1.2,34.5,1.379519983549052,-0.13145935603160397
au_dessus_barriere,1.2,34.6,1.379519983549052,-0.13145935603160397
au_dessus_barriere,1.2,34.7,1.379519983549052,-0.13145935603160397
au_dessus_barriere,1.2,34.800000000000004,1.379519983549052,-0.13145935603160397
au_dessus_barriere,1.2,34.9,1.379519983549052,-0.13145935603160397
au_dessus_barriere,1.2,35.0,1.379519983549052,-0.13145935603160397
au_dessus_barriere,1.2,35.1,1.379519983549052,-0.13145935603160397
au_dessus_barriere,1.2,35.2,1.379519983549052,-0.13145935603160397
au_dessus_barriere,1.2,35.300000000000004,1.379519983549052,-0.13145935603160397
au_dessus_barriere,1.2,35.4,1.379519983549052,-0.13145935603160397
au_dessus_barriere,1.2,35.5,1.379519983549052,-0.13145935603160397
au_dessus_barriere,1.2,35.6,1.379519983549052,-0.13145935603160397
au_dessus_barriere,1.2,35.7,1.379519983549052,-0.13145935603160397
au_dessus_barriere,1.2,35.800000000000004,1.379519983549052,-0.13145935603160397
au_dessus_barriere,1.2,35.9,1.379519983549052,-0.13145935603160397
au_dessus_barriere,1.2,36.0,1.379519983549052,-0.13145935603160397
au_dessus_barriere,1.2,36.1,1.379519983549052,-0.13145935603160397
au_dessus_barriere,1.2,36.2,1.379519983549052,-0.13145935603160397
au_dessus_barriere,1.2,36.300000000000004,1.379519983549052,-0.13145935603160397
au_dessus_barriere,1.2,36.4,1.379519983549052,-0.13145935603160397
au_dessus_barriere,1.2,36.5,1.379519983549052,-0.13145935603160397
au_dessus_barriere,1.2,36.6,1.379519983549052,-0.13145935603160397
au_dessus_barriere,1.2,36.7,1.379519983549052,-0.13145935603160397
au_dessus_barriere,1.2,36.800000000000004,1.379519983549052,-0.13145935603160397
au_dessus_barriere,1.2,36.9,1.379519983549052,-0.13145935603160397
au_dessus_barriere,1.2,37.0,1.379519983549052,-0.13145935603160397
au_dessus_barriere,1.2,37.1,1.379519983549052,-0.13145935603160397
au_dessus_barriere,1.2,37.2,1.379519983549052,-0.13145935603160397
au_dessus_barriere,1.2,37.300000000000004,1.379519983549052,-0.13145935603160397
au_dessus_barriere,1.2,37.4,1.379519983549052,-0.13145935603160397
au_dessus_barriere,1.2,37.5,1.379519983549052,-0.13145935603160397
au_dessus_barriere,1.2,37.6,1.379519983549052,-0.13145935603160397
au_dessus_barriere,1.2,37.7,1.379519983549052,-0.13145935603160397
au_dessus_barriere,1.2,37.800000000000004,1.379519983549052,-0.13145935603160397
au_dessus_barriere,1.2,37.9,1.379519983549052,-0.13145935603160397
au_dessus_barriere,1.2,38.0,1.379519983549052,-0.13145935603160397
au_dessus_barriere,1.2,38.1,1.379519983549052,-0.13145935603160397
au_dessus_barriere,1.2,38.2,1.379519983549052,-0.13145935603160397
au_dessus_barriere,1.2,38.300000000000004,1.379519983549052,-0.13145935603160397
au_dessus_barriere,1.2,38.4,1.379519983549052,-0.13145935603160397
au_dessus_barriere,1.2,38.5,1.379519983549052,-0.13145935603160397
au_dessus_barriere,1.2,38.6,1.379519983549052,-0.13145935603160397
au_dessus_barriere,1.2,38.7,1.379519983549052,-0.13145935603160397
au_dessus_barriere,1.2,38.800000000000004,1.379519983549052,-0.13145935603160397
au_dessus_barriere,1.2,38.9,1.379519983549052,-0.13145935603160397
au_dessus_barriere,1.2,39.0,1.379519983549052,-0.13145935603160397
au_dessus_barriere,1.2,39.1,1.379519983549052,-0.13145935603160397
au_dessus_barriere,1.2,39.2,1.379519983549052,-0.13145935603160397
au_dessus_barriere,1.2,39.300000000000004,1.379519983549052,-0.13145935603160397
au_dessus_barriere,1.2,39.4,1.379519983549052,-0.13145935603160397
au_dessus_barriere,1.2,39.5,1.379519983549052,-0.13145935603160397
au_dessus_barriere,1.2,39.6,1.379519983549052,-0.13145935603160397
au_dessus_barriere,1.2,39.7,1.379519983549052,-0.13145935603160397
au_dessus_barriere,1.2,39.800000000000004,1.379519983549052,-0.13145935603160397
au_dessus_barriere,1.2,39.9,1.379519983549052,-0.13145935603160397
au_dessus_barriere,1.2,40.0,1.379519983549052,-0.13145935603160397
au_dessus_barriere,1.2,40.1,1.379519983549052,-0.13145935603160397
au_dessus_barriere,1.2,40.2,1.379519983549052,-0.13145935603160397
au_dessus_barriere,1.2,40.300000000000004,1.379519983549052,-0.13145935603160397
au_dessus_barriere,1.2,40.4,1.379519983549052,-0.13145935603160397
au_dessus_barriere,1.2,40.5,1.379519983549052,-0.13145935603160397
au_dessus_barriere,1.2,40.6,1.379519983549052,-0.13145935603160397
au_dessus_barriere,1.2,40.7,1.379519983549052,-0.13145935603160397
au_dessus_barriere,1.2,40.800000000000004,1.379519983549052,-0.13145935603160397
au_dessus_barriere,1.2,40.9,1.379519983549052,-0.13145935603160397
au_dessus_barriere,1.2,41.0,1.379519983549052,-0.13145935603160397
au_dessus_barriere,1.2,41.1,1.379519983549052,-0.13145935603160397
au_dessus_barriere,1.2,41.2,1.379519983549052,-0.13145935603160397
au_dessus_barriere,1.2,41.300000000000004,1.379519983549052,-0.13145935603160397
au_dessus_barriere,1.2,41.4,1.379519983549052,-0.13145935603160397
au_dessus_barriere,1.2,41.5,1.379519983549052,-0.13145935603160397
au_dessus_barriere,1.2,41.6,1.379519983549052,-0.13145935603160397
au_dessus_barriere,1.2,41.7,1.379519983549052,-0.13145935603160397
au_dessus_barriere,1.2,41.800000000000004,1.379519983549052,-0.13145935603160397
au_dessus_barriere,1.2,41.9,1.379519983549052,-0.13145935603160397
au_dessus_barriere,1.2,42.0,1.379519983549052,-0.13145935603160397
au_dessus_barriere,1.2,42.1,1.379519983549052,-0.13145935603160397
au_dessus_barriere,1.2,42.2,1.379519983549052,-0.13145935603160397
au_dessus_barriere,1.2,42.300000000000004,1.379519983549052,-0.13145935603160397
au_dessus_barriere,1.2,42.4,1.379519983549052,-0.13145935603160397
au_dessus_barriere,1.2,42.5,1.379519983549052,-0.13145935603160397
au_dessus_barriere,1.2,42.6,1.379519983549052,-0.13145935603160397
au_dessus_barriere,1.2,42.7,1.379519983549052,-0.13145935603160397
au_dessus_barriere,1.2,42.800000000000004,1.379519983549052,-0.13145935603160397
au_dessus_barriere,1.2,42.9,1.379519983549052,-0.13145935603160397
au_dessus_barriere,1.2,43.0,1.379519983549052,-0.13145935603160397
au_dessus_barriere,1.2,43.1,1.379519983549052,-0.13145935603160397
au_dessus_barriere,1.2,43.2,1.379519983549052,-0.13145935603160397
au_dessus_barriere,1.2,43.300000000000004,1.379519983549052,-0.13145935603160397
au_dessus_barriere,1.2,43.4,1.379519983549052,-0.13145935603160397
au_dessus_barriere,1.2,43.5,1.379519983549052,-0.13145935603160397
au_dessus_barriere,1.2,43.6,1.379519983549052,-0.13145935603160397
au_dessus_barriere,1.2,43.7,1.379519983549052,-0.13145935603160397
au_dessus_barriere,1.2,43.800000000000004,1.379519983549052,-0.13145935603160397
au_dessus_barriere,1.2,43.9,1.379519983549052,-0.13145935603160397
au_dessus_barriere,1.2,44.0,1.379519983549052,-0.13145935603160397
au_dessus_barriere,1.2,44.1,1.379519983549052,-0.13145935603160397
au_dessus_barriere,1.2,44.2,1.379519983549052,-0.13145935603160397
au_dessus_barriere,1.2,44.300000000000004,1.379519983549052,-0.13145935603160397
au_dessus_barriere,1.2,44.4,1.379519983549052,-0.13145935603160397
au_dessus_barriere,1.2,44.5,1.379519983549052,-0.13145935603160397
au_dessus_barriere,1.2,44.6,1.379519983549052,-0.13145935603160397
au_dessus_barriere,1.2,44.7,1.379519983549052,-0.13145935603160397
au_dessus_barriere,1.2,44.800000000000004,1.379519983549052,-0.13145935603160397
au_dessus_barriere,1.2,44.9,1.379519983549052,-0.13145935603160397
au_dessus_barriere,1.2,45.0,1.379519983549052,-0.13145935603160397
au_dessus_barriere,1.2,45.1,1.379519983549052,-0.13145935603160397
au_dessus_barriere,1.2,45.2,1.379519983549052,-0.13145935603160397
au_dessus_barriere,1.2,45.300000000000004,1.379519983549052,-0.13145935603160397
au_dessus_barriere,1.2,45.4,1.379519983549052,-0.13145935603160397
au_dessus_barriere,1.2,45.5,1.379519983549052,-0.13145935603160397
au_dessus_barriere,1.2,45.6,1.379519983549052,-0.13145935603160397
au_dessus_barriere,1.2,45.7,1.379519983549052,-0.13145935603160397
au_dessus_barriere,1.2,45.800000000000004,1.379519983549052,-0.13145935603160397
au_dessus_barriere,1.2,45.9,1.379519983549052,-0.13145935603160397
au_dessus_barriere,1.2,46.0,1.379519983549052,-0.13145935603160397
au_dessus_barriere,1.2,46.1,1.379519983549052,-0.13145935603160397
au_dessus_barriere,1.2,46.2,1.379519983549052,-0.13145935603160397
au_dessus_barriere,1.2,46.300000000000004,1.379519983549052,-0.13145935603160397
au_dessus_barriere,1.2,46.4,1.379519983549052,-0.13145935603160397
au_dessus_barriere,1.2,46.5,1.379519983549052,-0.13145935603160397
au_dessus_barriere,1.2,46.6,1.379519983549052,-0.13145935603160397
au_dessus_barriere,1.2,46.7,1.379519983549052,-0.13145935603160397
au_dessus_barriere,1.2,46.800000000000004,1.379519983549052,-0.13145935603160397
au_dessus_barriere,1.2,46.9,1.379519983549052,-0.13145935603160397
au_dessus_barriere,1.2,47.0,1.379519983549052,-0.13145935603160397
au_dessus_barriere,1.2,47.1,1.379519983549052,-0.13145935603160397
au_dessus_barriere,1.2,47.2,1.379519983549052,-0.13145935603160397
au_dessus_barriere,1.2,47.300000000000004,1.379519983549052,-0.13145935603160397
au_dessus_barriere,1.2,47.4,1.379519983549052,-0.13145935603160397
au_dessus_barriere,1.2,47.5,1.379519983549052,-0.13145935603160397
au_dessus_barriere,1.2,47.6,1.379519983549052,-0.13145935603160397
au_dessus_barriere,1.2,47.7,1.379519983549052,-0.13145935603160397
au_dessus_barriere,1.2,47.800000000000004,1.379519983549052,-0.13145935603160397
au_dessus_barriere,1.2,47.9,1.379519983549052,-0.13145935603160397
au_dessus_barriere,1.2,48.0,1.379519983549052,-0.13145935603160397
au_dessus_barriere,1.2,48.1,1.379519983549052,-0.13145935603160397
au_dessus_barriere,1.2,48.2,1.379519983549052,-0.13145935603160397
au_dessus_barriere,1.2,48.300000000000004,1.379519983549052,-0.13145935603160397
au_dessus_barriere,1.2,48.4,1.379519983549052,-0.13145935603160397
au_dessus_barriere,1.2,48.5,1.379519983549052,-0.13145935603160397
au_dessus_barriere,1.2,48.6,1.379519983549052,-0.13145935603160397
au_dessus_barriere,1.2,48.7,1.379519983549052,-0.13145935603160397
au_dessus_barriere,1.2,48.800000000000004,1.379519983549052,-0.13145935603160397
au_dessus_barriere,1.2,48.9,1.379519983549052,-0.13145935603160397
au_dessus_barriere,1.2,49.0,1.379519983549052,-0.13145935603160397
au_dessus_barriere,1.2,49.1,1.379519983549052,-0.13145935603160397
au_dessus_barriere,1.2,49.2,1.379519983549052,-0.13145935603160397
au_dessus_barriere,1.2,49.300000000000004,1.379519983549052,-0.13145935603160397
au_dessus_barriere,1.2,49.4,1.379519983549052,-0.13145935603160397
au_dessus_barriere,1.2,49.5,1.379519983549052,-0.13145935603160397
au_dessus_barriere,1.2,49.6,1.379519983549052,-0.13145935603160397
au_dessus_barriere,1.2,49.7,1.379519983549052,-0.13145935603160397
au_dessus_barriere,1.2,49.800000000000004,1.379519983549052,-0.13145935603160397
au_dessus_barriere,1.2,49.9,1.379519983549052,-0.13145935603160397
au_dessus_barriere,1.2,50.0,1.379519983549052,-0.13145935603160397
au_dessus_barriere,1.2,50.1,1.379519983549052,-0.13145935603160397
au_dessus_barriere,1.2,50.2,1.379519983549052,-0.13145935603160397
au_dessus_barriere,1.2,50.300000000000004,1.379519983549052,-0.13145935603160397
au_dessus_barriere,1.2,50.4,1.379519983549052,-0.13145935603160397
au_dessus_barriere,1.2,50.5,1.379519983549052,-0.13145935603160397
au_dessus_barriere,1.2,50.6,1.379519983549052,-0.13145935603160397
au_dessus_barriere,1.2,50.7,1.379519983549052,-0.13145935603160397
au_dessus_barriere,1.2,50.800000000000004,1.379519983549052,-0.13145935603160397
au_dessus_barriere,1.2,50.9,1.379519983549052,-0.13145935603160397
au_dessus_barriere,1.2,51.0,1.379519983549052,-0.13145935603160397
au_dessus_barriere,1.2,51.1,1.379519983549052,-0.13145935603160397
au_dessus_barriere,1.2,51.2,1.379519983549052,-0.13145935603160397
au_dessus_barriere,1.2,51.300000000000004,1.379519983549052,-0.13145935603160397
au_dessus_barriere,1.2,51.4,1.379519983549052,-0.13145935603160397
au_dessus_barriere,1.2,51.5,1.379519983549052,-0.13145935603160397
au_dessus_barriere,1.2,51.6,1.379519983549052,-0.13145935603160397
au_dessus_barriere,1.2,51.7,1.379519983549052,-0.13145935603160397
au_dessus_barriere,1.2,51.800000000000004,1.379519983549052,-0.13145935603160397
au_dessus_barriere,1.2,51.9,1.379519983549052,-0.13145935603160397
au_dessus_barriere,1.2,52.0,1.379519983549052,-0.13145935603160397
au_dessus_barriere,1.2,52.1,1.379519983549052,-0.13145935603160397
au_dessus_barriere,1.2,52.2,1.379519983549052,-0.13145935603160397
au_dessus_barriere,1.2,52.300000000000004,1.379519983549052,-0.13145935603160397
au_dessus_barriere,1.2,52.4,1.379519983549052,-0.13145935603160397
au_dessus_barriere,1.2,52.5,1.379519983549052,-0.13145935603160397
au_dessus_barriere,1.2,52.6,1.379519983549052,-0.13145935603160397
au_dessus_barriere,1.2,52.7,1.379519983549052,-0.13145935603160397
au_dessus_barriere,1.2,52.800000000000004,1.379519983549052,-0.13145935603160397
au_dessus_barriere,1.2,52.9,1.379519983549052,-0.13145935603160397
au_dessus_barriere,1.2,53.0,1.379519983549052,-0.13145935603160397
au_dessus_barriere,1.2,53.1,1.379519983549052,-0.13145935603160397
au_dessus_barriere,1.2,53.2,1.379519983549052,-0.13145935603160397
au_dessus_barriere,1.2,53.300000000000004,1.379519983549052,-0.13145935603160397
au_dessus_barriere,1.2,53.4,1.379519983549052,-0.13145935603160397
au_dessus_barriere,1.2,53.5,1.379519983549052,-0.13145935603160397
au_dessus_barriere,1.2,53.6,1.379519983549052,-0.13145935603160397
au_dessus_barriere,1.2,53.7,1.379519983549052,-0.13145935603160397
au_dessus_barriere,1.2,53.800000000000004,1.379519983549052,-0.13145935603160397
au_dessus_barriere,1.2,53.9,1.379519983549052,-0.13145935603160397
au_dessus_barriere,1.2,54.0,1.379519983549052,-0.13145935603160397
au_dessus_barriere,1.2,54.1,1.379519983549052,-0.13145935603160397
au_dessus_barriere,1.2,54.2,1.379519983549052,-0.13145935603160397
au_dessus_barriere,1.2,54.300000000000004,1.379519983549052,-0.13145935603160397
au_dessus_barriere,1.2,54.4,1.379519983549052,-0.13145935603160397
au_dessus_barriere,1.2,54.5,1.379519983549052,-0.13145935603160397
au_dessus_barriere,1.2,54.6,1.379519983549052,-0.13145935603160397
au_dessus_barriere,1.2,54.7,1.379519983549052,-0.13145935603160397
au_dessus_barriere,1.2,54.800000000000004,1.379519983549052,-0.13145935603160397
au_dessus_barriere,1.2,54.9,1.379519983549052,-0.13145935603160397
au_dessus_barriere,1.2,55.0,1.379519983549052,-0.13145935603160397
au_dessus_barriere,1.2,55.1,1.379519983549052,-0.13145935603160397
au_dessus_barriere,1.2,55.2,1.379519983549052,-0.13145935603160397
au_dessus_barriere,1.2,55.300000000000004,1.379519983549052,-0.13145935603160397
au_dessus_barriere,1.2,55.4,1.379519983549052,-0.13145935603160397
au_dessus_barriere,1.2,55.5,1.379519983549052,-0.13145935603160397
au_dessus_barriere,1.2,55.6,1.379519983549052,-0.13145935603160397
au_dessus_barriere,1.2,55.7,1.379519983549052,-0.13145935603160397
au_dessus_barriere,1.2,55.800000000000004,1.379519983549052,-0.13145935603160397
au_dessus_barriere,1.2,55.9,1.379519983549052,-0.13145935603160397
au_dessus_barriere,1.2,56.0,1.379519983549052,-0.13145935603160397
au_dessus_barriere,1.2,56.1,1.379519983549052,-0.13145935603160397
au_dessus_barriere,1.2,56.2,1.379519983549052,-0.13145935603160397
au_dessus_barriere,1.2,56.300000000000004,1.379519983549052,-0.13145935603160397
au_dessus_barriere,1.2,56.4,1.379519983549052,-0.13145935603160397
au_dessus_barriere,1.2,56.5,1.379519983549052,-0.13145935603160397
au_dessus_barriere,1.2,56.6,1.379519983549052,-0.13145935603160397
au_dessus_barriere,1.2,56.7,1.379519983549052,-0.13145935603160397
au_dessus_barriere,1.2,56.800000000000004,1.379519983549052,-0.13145935603160397
au_dessus_barriere,1.2,56.9,1.379519983549052,-0.13145935603160397
au_dessus_barriere,1.2,57.0,1.379519983549052,-0.13145935603160397
au_dessus_barriere,1.2,57.1,1.379519983549052,-0.13145935603160397
au_dessus_barriere,1.2,57.2,1.379519983549052,-0.13145935603160397
au_dessus_barriere,1.2,57.300000000000004,1.379519983549052,-0.13145935603160397
au_dessus_barriere,1.2,57.4,1.379519983549052,-0.13145935603160397
au_dessus_barriere,1.2,57.5,1.379519983549052,-0.13145935603160397
au_dessus_barriere,1.2,57.6,1.379519983549052,-0.13145935603160397
au_dessus_barriere,1.2,57.7,1.379519983549052,-0.13145935603160397
au_dessus_barriere,1.2,57.800000000000004,1.379519983549052,-0.13145935603160397
au_dessus_barriere,1.2,57.9,1.379519983549052,-0.13145935603160397
au_dessus_barriere,1.2,58.0,1.379519983549052,-0.13145935603160397
au_dessus_barriere,1.2,58.1,1.379519983549052,-0.13145935603160397
au_dessus_barriere,1.2,58.2,1.379519983549052,-0.13145935603160397
au_dessus_barriere,1.2,58.300000000000004,1.379519983549052,-0.13145935603160397
au_dessus_barriere,1.2,58.4,1.379519983549052,-0.13145935603160397
au_dessus_barriere,1.2,58.5,1.379519983549052,-0.13145935603160397
au_dessus_barriere,1.2,58.6,1.379519983549052,-0.13145935603160397
au_dessus_barriere,1.2,58.7,1.379519983549052,-0.13145935603160397
au_dessus_barriere,1.2,58.800000000000004,1.379519983549052,-0.13145935603160397
au_dessus_barriere,1.2,58.9,1.379519983549052,-0.13145935603160397
au_dessus_barriere,1.2,59.0,1.379519983549052,-0.13145935603160397
au_dessus_barriere,1.2,59.1,1.379519983549052,-0.13145935603160397
au_dessus_barriere,1.2,59.2,1.379519983549052,-0.13145935603160397
au_dessus_barriere,1.2,59.300000000000004,1.379519983549052,-0.13145935603160397
au_dessus_barriere,1.2,59.4,1.379519983549052,-0.13145935603160397
au_dessus_barriere,1.2,59.5,1.379519983549052,-0.13145935603160397
au_dessus_barriere,1.2,59.6,1.379519983549052,-0.13145935603160397
au_dessus_barriere,1.2,59.7,1.379519983549052,-0.13145935603160397
au_dessus_barriere,1.2,59.800000000000004,1.379519983549052,-0.13145935603160397
au_dessus_barriere,1.2,59.9,1.379519983549052,-0.13145935603160397
au_dessus_barriere,1.2,60.0,1.379519983549052,-0.13145935603160397
bulle_plus_grande,1.2,0.0,1.5174719819039595,-0.06785506087980853
bulle_plus_grande,1.2,0.1,1.449434951928864,-0.11693763540567526
bulle_plus_grande,1.2,0.2,1.4177836980690344,-0.12734694400347246
bulle_plus_grande,1.2,0.3,1.4012210742553062,-0.1301752715063047
bulle_plus_grande,1.2,0.4,1.3920583952125836,-0.13103771847147938
bulle_plus_grande,1.2,0.5,1.3868390078921566,-0.13131703845836595
bulle_plus_grande,1.2,0.6,1.38381726621187,-0.13141056271473228
bulle_plus_grande,1.2,0.7000000000000001,1.382051599191538,-0.131442475895582
bulle_plus_grande,1.2,0.8,1.3810143460813955,-0.13145348554656877
bulle_plus_grande,1.2,0.9,1.3804030956985418,-0.13145730811948653
bulle_plus_grande,1.2,1.0,1.3800422249792228,-0.13145864032117693
bulle_plus_grande,1.2,1.1,1.3798289428402037,-0.13145910563477914
bulle_plus_grande,1.2,1.2,1.3797028080126514,-0.13145926837284616
bulle_plus_grande,1.2,1.3,1.3796281838158773,-0.13145932533258975
bulle_plus_grande,1.2,1.4000000000000001,1.3795840245969029,-0.13145934527810565
bulle_plus_grande,1.2,1.5,1.3795578897161958,-0.1314593522642884
bulle_plus_grande,1.2,1.6,1.3795424210224274,-0.13145935471168335
bulle_plus_grande,1.2,1.7,1.3795332649994694,-0.13145935556913368
bulle_plus_grande,1.2,1.8,1.3795278453399016,-0.1314593558695606
bulle_plus_grande,1.2,1.9000000000000001,1.3795246372673033,-0.13145935597482528
bulle_plus_grande,1.2,2.0,1.3795227382866568,-0.13145935601170944
bulle_plus_grande,1.2,2.1,1.3795216142011248,-0.1314593560246331
bulle_plus_grande,1.2,2.2,1.379520948805963,-0.1314593560291616
bulle_plus_grande,1.2,2.3000000000000003,1.3795205549288145,-0.131459356030748
bulle_plus_grande,1.2,2.4,1.3795203217750447,-0.1314593560313042
bulle_plus_grande,1.2,2.5,1.379520183760644,-0.13145935603149927
bulle_plus_grande,1.2,2.6,1.379520102063562,-0.131459356031567
bulle_plus_grande,1.2,2.7,1.3795200537032837,-0.13145935603159098
bulle_plus_grande,1.2,2.8000000000000003,1.379520025076596,-0.13145935603159953
bulle_plus_grande,1.2,2.9,1.3795200081311327,-0.13145935603160264
bulle_plus_grande,1.2,3.0,1.3795199981003272,-0.13145935603160352
bulle_plus_grande,1.2,3.1,1.3795199921626284,-0.13145935603160397
bulle_plus_grande,1.2,3.2,1.3795199886478282,-0.1314593560316043
bulle_plus_grande,1.2,3.3000000000000003,1.3795199865672552,-0.1314593560316044
bulle_plus_grande,1.2,3.4,1.3795199853356672,-0.13145935603160386
bulle_plus_grande,1.2,3.5,1.3795199846066337,-0.13145935603160386
bulle_plus_grande,1.2,3.6,1.3795199841750847,-0.1314593560316043
bulle_plus_grande,1.2,3.7,1.3795199839196304,-0.1314593560316043
bulle_plus_grande,1.2,3.8000000000000003,1.3795199837684153,-0.1314593560316044
bulle_plus_grande,1.2,3.9,1.379519983678904,-0.13145935603160375
bulle_plus_grande,1.2,4.0,1.3795199836259182,-0.1314593560316044
bulle_plus_grande,1.2,4.1,1.3795199835945533,-0.13145935603160408
bulle_plus_grande,1.2,4.2,1.3795199835759873,-0.13145935603160386
bulle_plus_grande,1.2,4.3,1.3795199835649972,-0.1314593560316042
bulle_plus_grande,1.2,4.4,1.3795199835584915,-0.1314593560316042
bulle_plus_grande,1.2,4.5,1.3795199835546408,-0.1314593560316042
bulle_plus_grande,1.2,4.6000000000000005,1.3795199835523613,-0.1314593560316043
bulle_plus_grande,1.2,4.7,1.3795199835510117,-0.1314593560316043
bulle_plus_grande,1.2,4.8,1.3795199835502128,-0.13145935603160408
bulle_plus_grande,1.2,4.9,1.3795199835497398,-0.1314593560316044
bulle_plus_grande,1.2,5.0,1.37951998354946,-0.1314593560316042
bulle_plus_grande,1.2,5.1000000000000005,1.3795199835492944,-0.13145935603160408
bulle_plus_grande,1.2,5.2,1.3795199835491962,-0.13145935603160397
bulle_plus_grande,1.2,5.3,1.379519983549138,-0.1314593560316043
bulle_plus_grande,1.2,5.4,1.3795199835491039,-0.13145935603160397
bulle_plus_grande,1.2,5.5,1.3795199835490837,-0.13145935603160397
bulle_plus_grande,1.2,5.6000000000000005,1.3795199835490715,-0.1314593560316042
bulle_plus_grande,1.2,5.7,1.3795199835490641,-0.13145935603160397
bulle_plus_grande,1.2,5.8,1.37951998354906,-0.1314593560316042
bulle_plus_grande,1.2,5.9,1.3795199835490577,-0.13145935603160397
bulle_plus_grande,1.2,6.0,1.379519983549056,-0.1314593560316042
bulle_plus_grande,1.2,6.1000000000000005,1.379519983549056,-0.1314593560316042
bulle_plus_grande,1.2,6.2,1.379519983549056,-0.1314593560316042
bulle_plus_grande,1.2,6.3,1.379519983549056,-0.1314593560316042
bulle_plus_grande,1.2,6.4,1.379519983549056,-0.1314593560316042
bulle_plus_grande,1.2,6.5,1.379519983549056,-0.1314593560316042
bulle_plus_grande,1.2,6.6000000000000005,1.379519983549056,-0.1314593560316042
bulle_plus_grande,1.2,6.7,1.379519983549056,-0.1314593560316042
bulle_plus_grande,1.2,6.8,1.379519983549056,-0.1314593560316042
bulle_plus_grande,1.2,6.9,1.379519983549056,-0.1314593560316042
bulle_plus_grande,1.2,7.0,1.379519983549056,-0.1314593560316042
bulle_plus_grande,1.2,7.1000000000000005,1.379519983549056,-0.1314593560316042
bulle_plus_grande,1.2,7.2,1.379519983549056,-0.1314593560316042
bulle_plus_grande,1.2,7.3,1.379519983549056,-0.1314593560316042
bulle_plus_grande,1.2,7.4,1.379519983549056,-0.1314593560316042
bulle_plus_grande,1.2,7.5,1.379519983549056,-0.1314593560316042
bulle_plus_grande,1.2,7.6000000000000005,1.379519983549056,-0.1314593560316042
bulle_plus_grande,1.2,7.7,1.379519983549056,-0.1314593560316042
bulle_plus_grande,1.2,7.8,1.379519983549056,-0.1314593560316042
bulle_plus_grande,1.2,7.9,1.379519983549056,-0.1314593560316042
bulle_plus_grande,1.2,8.0,1.379519983549056,-0.1314593560316042
bulle_plus_grande,1.2,8.1,1.379519983549056,-0.1314593560316042
bulle_plus_grande,1.2,8.2,1.379519983549056,-0.1314593560316042
bulle_plus_grande,1.2,8.3,1.379519983549056,-0.1314593560316042
bulle_plus_grande,1.2,8.4,1.379519983549056,-0.1314593560316042
bulle_plus_grande,1.2,8.5,1.379519983549056,-0.1314593560316042
bulle_plus_grande,1.2,8.6,1.379519983549056,-0.1314593560316042
bulle_plus_grande,1.2,8.700000000000001,1.379519983549056,-0.1314593560316042
bulle_plus_grande,1.2,8.8,1.379519983549056,-0.1314593560316042
bulle_plus_grande,1.2,8.9,1.379519983549056,-0.1314593560316042
bulle_plus_grande,1.2,9.0,1.379519983549056,-0.1314593560316042
bulle_plus_grande,1.2,9.1,1.379519983549056,-0.1314593560316042
bulle_plus_grande,1.2,9.200000000000001,1.379519983549056,-0.1314593560316042
bulle_plus_grande,1.2,9.3,1.379519983549056,-0.1314593560316042
bulle_plus_grande,1.2,9.4,1.379519983549056,-0.1314593560316042
bulle_plus_grande,1.2,9.5,1.379519983549056,-0.1314593560316042
bulle_plus_grande,1.2,9.6,1.379519983549056,-0.1314593560316042
bulle_plus_grande,1.2,9.700000000000001,1.379519983549056,-0.1314593560316042
bulle_plus_grande,1.2,9.8,1.379519983549056,-0.1314593560316042
bulle_plus_grande,1.2,9.9,1.379519983549056,-0.1314593560316042
bulle_plus_grande,1.2,10.0,1.379519983549056,-0.1314593560316042
bulle_plus_grande,1.2,10.1,1.379519983549056,-0.1314593560316042
bulle_plus_grande,1.2,10.200000000000001,1.379519983549056,-0.1314593560316042
bulle_plus_grande,1.2,10.3,1.379519983549056,-0.1314593560316042
bulle_plus_grande,1.2,10.4,1.379519983549056,-0.1314593560316042
bulle_plus_grande,1.2,10.5,1.379519983549056,-0.1314593560316042
bulle_plus_grande,1.2,10.6,1.379519983549056,-0.1314593560316042
bulle_plus_grande,1.2,10.700000000000001,1.379519983549056,-0.1314593560316042
bulle_plus_grande,1.2,10.8,1.379519983549056,-0.1314593560316042
bulle_plus_grande,1.2,10.9,1.379519983549056,-0.1314593560316042
bulle_plus_grande,1.2,11.0,1.379519983549056,-0.1314593560316042
bulle_plus_grande,1.2,11.1,1.379519983549056,-0.1314593560316042
bulle_plus_grande,1.2,11.200000000000001,1.379519983549056,-0.1314593560316042
bulle_plus_grande,1.2,11.3,1.379519983549056,-0.1314593560316042
bulle_plus_grande,1.2,11.4,1.379519983549056,-0.1314593560316042
bulle_plus_grande,1.2,11.5,1.379519983549056,-0.1314593560316042
bulle_plus_grande,1.2,11.6,1.379519983549056,-0.1314593560316042
bulle_plus_grande,1.2,11.700000000000001,1.379519983549056,-0.1314593560316042
bulle_plus_grande,1.2,11.8,1.379519983549056,-0.1314593560316042
bulle_plus_grande,1.2,11.9,1.379519983549056,-0.1314593560316042
bulle_plus_grande,1.2,12.0,1.379519983549056,-0.1314593560316042
bulle_plus_grande,1.2,12.1,1.379519983549056,-0.1314593560316042
bulle_plus_grande,1.2,12.200000000000001,1.379519983549056,-0.1314593560316042
bulle_plus_grande,1.2,12.3,1.379519983549056,-0.1314593560316042
bulle_plus_grande,1.2,12.4,1.379519983549056,-0.1314593560316042
bulle_plus_grande,1.2,12.5,1.379519983549056,-0.1314593560316042
bulle_plus_grande,1.2,12.6,1.379519983549056,-0.1314593560316042
bulle_plus_grande,1.2,12.700000000000001,1.379519983549056,-0.1314593560316042
bulle_plus_grande,1.2,12.8,1.379519983549056,-0.1314593560316042
bulle_plus_grande,1.2,12.9,1.379519983549056,-0.1314593560316042
bulle_plus_grande,1.2,13.0,1.379519983549056,-0.1314593560316042
bulle_plus_grande,1.2,13.1,1.379519983549056,-0.1314593560316042
bulle_plus_grande,1.2,13.200000000000001,1.379519983549056,-0.1314593560316042
bulle_plus_grande,1.2,13.3,1.379519983549056,-0.1314593560316042
bulle_plus_grande,1.2,13.4,1.379519983549056,-0.1314593560316042
bulle_plus_grande,1.2,13.5,1.379519983549056,-0.1314593560316042
bulle_plus_grande,1.2,13.6,1.379519983549056,-0.1314593560316042
bulle_plus_grande,1.2,13.700000000000001,1.379519983549056,-0.1314593560316042
bulle_plus_grande,1.2,13.8,1.379519983549056,-0.1314593560316042
bulle_plus_grande,1.2,13.9,1.379519983549056,-0.1314593560316042
bulle_plus_grande,1.2,14.0,1.379519983549056,-0.1314593560316042
bulle_plus_grande,1.2,14.1,1.379519983549056,-0.1314593560316042
bulle_plus_grande,1.2,14.200000000000001,1.379519983549056,-0.1314593560316042
bulle_plus_grande,1.2,14.3,1.379519983549056,-0.1314593560316042
bulle_plus_grande,1.2,14.4,1.379519983549056,-0.1314593560316042
bulle_plus_grande,1.2,14.5,1.379519983549056,-0.1314593560316042
bulle_plus_grande,1.2,14.6,1.379519983549056,-0.1314593560316042
bulle_plus_grande,1.2,14.700000000000001,1.379519983549056,-0.1314593560316042
bulle_plus_grande,1.2,14.8,1.379519983549056,-0.1314593560316042
bulle_plus_grande,1.2,14.9,1.379519983549056,-0.1314593560316042
bulle_plus_grande,1.2,15.0,1.379519983549056,-0.1314593560316042
bulle_plus_grande,1.2,15.1,1.379519983549056,-0.1314593560316042
bulle_plus_grande,1.2,15.200000000000001,1.379519983549056,-0.1314593560316042
bulle_plus_grande,1.2,15.3,1.379519983549056,-0.1314593560316042
bulle_plus_grande,1.2,15.4,1.379519983549056,-0.1314593560316042
bulle_plus_grande,1.2,15.5,1.379519983549056,-0.1314593560316042
bulle_plus_grande,1.2,15.6,1.379519983549056,-0.1314593560316042
bulle_plus_grande,1.2,15.700000000000001,1.379519983549056,-0.1314593560316042
bulle_plus_grande,1.2,15.8,1.379519983549056,-0.1314593560316042
bulle_plus_grande,1.2,15.9,1.379519983549056,-0.1314593560316042
bulle_plus_grande,1.2,16.0,1.379519983549056,-0.1314593560316042
bulle_plus_grande,1.2,16.1,1.379519983549056,-0.1314593560316042
bulle_plus_grande,1.2,16.2,1.379519983549056,-0.1314593560316042
bulle_plus_grande,1.2,16.3,1.379519983549056,-0.1314593560316042
bulle_plus_grande,1.2,16.4,1.379519983549056,-0.1314593560316042
bulle_plus_grande,1.2,16.5,1.379519983549056,-0.1314593560316042
bulle_plus_grande,1.2,16.6,1.379519983549056,-0.1314593560316042
bulle_plus_grande,1.2,16.7,1.379519983549056,-0.1314593560316042
bulle_plus_grande,1.2,16.8,1.379519983549056,-0.1314593560316042
bulle_plus_grande,1.2,16.9,1.379519983549056,-0.1314593560316042
bulle_plus_grande,1.2,17.0,1.379519983549056,-0.1314593560316042
bulle_plus_grande,1.2,17.1,1.379519983549056,-0.1314593560316042
bulle_plus_grande,1.2,17.2,1.379519983549056,-0.1314593560316042
bulle_plus_grande,1.2,17.3,1.379519983549056,-0.1314593560316042
bulle_plus_grande,1.2,17.400000000000002,1.379519983549056,-0.1314593560316042
bulle_plus_grande,1.2,17.5,1.379519983549056,-0.1314593560316042
bulle_plus_grande,1.2,17.6,1.379519983549056,-0.1314593560316042
bulle_plus_grande,1.2,17.7,1.379519983549056,-0.1314593560316042
bulle_plus_grande,1.2,17.8,1.379519983549056,-0.1314593560316042
bulle_plus_grande,1.2,17.900000000000002,1.379519983549056,-0.1314593560316042
bulle_plus_grande,1.2,18.0,1.379519983549056,-0.1314593560316042
bulle_plus_grande,1.2,18.1,1.379519983549056,-0.1314593560316042
bulle_plus_grande,1.2,18.2,1.379519983549056,-0.1314593560316042
bulle_plus_grande,1.2,18.3,1.379519983549056,-0.1314593560316042
bulle_plus_grande,1.2,18.400000000000002,1.379519983549056,-0.1314593560316042
bulle_plus_grande,1.2,18.5,1.379519983549056,-0.1314593560316042
bulle_plus_grande,1.2,18.6,1.379519983549056,-0.1314593560316042
bulle_plus_grande,1.2,18.7,1.379519983549056,-0.1314593560316042
bulle_plus_grande,1.2,18.8,1.379519983549056,-0.1314593560316042
bulle_plus_grande,1.2,18.900000000000002,1.379519983549056,-0.1314593560316042
bulle_plus_grande,1.2,19.0,1.379519983549056,-0.1314593560316042
bulle_plus_grande,1.2,19.1,1.379519983549056,-0.1314593560316042
bulle_plus_grande,1.2,19.2,1.379519983549056,-0.1314593560316042
bulle_plus_grande,1.2,19.3,1.379519983549056,-0.1314593560316042
bulle_plus_grande,1.2,19.400000000000002,1.379519983549056,-0.1314593560316042
bulle_plus_grande,1.2,19.5,1.379519983549056,-0.1314593560316042
bulle_plus_grande,1.2,19.6,1.379519983549056,-0.1314593560316042
bulle_plus_grande,1.2,19.7,1.379519983549056,-0.1314593560316042
bulle_plus_grande,1.2,19.8,1.379519983549056,-0.1314593560316042
bulle_plus_grande,1.2,19.900000000000002,1.379519983549056,-0.1314593560316042
bulle_plus_grande,1.2,20.0,1.379519983549056,-0.1314593560316042
bulle_plus_grande,1.2,20.1,1.379519983549056,-0.1314593560316042
bulle_plus_grande,1.2,20.2,1.379519983549056,-0.1314593560316042
bulle_plus_grande,1.2,20.3,1.379519983549056,-0.1314593560316042
bulle_plus_grande,1.2,20.400000000000002,1.379519983549056,-0.1314593560316042
bulle_plus_grande,1.2,20.5,1.379519983549056,-0.1314593560316042
bulle_plus_grande,1.2,20.6,1.379519983549056,-0.1314593560316042
bulle_plus_grande,1.2,20.7,1.379519983549056,-0.1314593560316042
bulle_plus_grande,1.2,20.8,1.379519983549056,-0.1314593560316042
bulle_plus_grande,1.2,20.900000000000002,1.379519983549056,-0.1314593560316042
bulle_plus_grande,1.2,21.0,1.379519983549056,-0.1314593560316042
bulle_plus_grande,1.2,21.1,1.379519983549056,-0.1314593560316042
bulle_plus_grande,1.2,21.2,1.379519983549056,-0.1314593560316042
bulle_plus_grande,1.2,21.3,1.379519983549056,-0.1314593560316042
bulle_plus_grande,1.2,21.400000000000002,1.379519983549056,-0.1314593560316042
bulle_plus_grande,1.2,21.5,1.379519983549056,-0.1314593560316042
bulle_plus_grande,1.2,21.6,1.379519983549056,-0.1314593560316042
bulle_plus_grande,1.2,21.7,1.379519983549056,-0.1314593560316042
bulle_plus_grande,1.2,21.8,1.379519983549056,-0.1314593560316042
bulle_plus_grande,1.2,21.900000000000002,1.379519983549056,-0.1314593560316042
bulle_plus_grande,1.2,22.0,1.379519983549056,-0.1314593560316042
bulle_plus_grande,1.2,22.1,1.379519983549056,-0.1314593560316042
bulle_plus_grande,1.2,22.2,1.379519983549056,-0.1314593560316042
bulle_plus_grande,1.2,22.3,1.379519983549056,-0.1314593560316042
bulle_plus_grande,1.2,22.400000000000002,1.379519983549056,-0.1314593560316042
bulle_plus_grande,1.2,22.5,1.379519983549056,-0.1314593560316042
bulle_plus_grande,1.2,22.6,1.379519983549056,-0.1314593560316042
bulle_plus_grande,1.2,22.7,1.379519983549056,-0.1314593560316042
bulle_plus_grande,1.2,22.8,1.379519983549056,-0.1314593560316042
bulle_plus_grande,1.2,22.900000000000002,1.379519983549056,-0.1314593560316042
bulle_plus_grande,1.2,23.0,1.379519983549056,-0.1314593560316042
bulle_plus_grande,1.2,23.1,1.379519983549056,-0.1314593560316042
bulle_plus_grande,1.2,23.2,1.379519983549056,-0.1314593560316042
bulle_plus_grande,1.2,23.3,1.379519983549056,-0.1314593560316042
bulle_plus_grande,1.2,23.400000000000002,1.379519983549056,-0.1314593560316042
bulle_plus_grande,1.2,23.5,1.379519983549056,-0.1314593560316042
bulle_plus_grande,1.2,23.6,1.379519983549056,-0.1314593560316042
bulle_plus_grande,1.2,23.7,1.379519983549056,-0.1314593560316042
bulle_plus_grande,1.2,23.8,1.379519983549056,-0.1314593560316042
bulle_plus_grande,1.2,23.900000000000002,1.379519983549056,-0.1314593560316042
bulle_plus_grande,1.2,24.0,1.379519983549056,-0.1314593560316042
bulle_plus_grande,1.2,24.1,1.379519983549056,-0.1314593560316042
bulle_plus_grande,1.2,24.2,1.379519983549056,-0.1314593560316042
bulle_plus_grande,1.2,24.3,1.379519983549056,-0.1314593560316042
bulle_plus_grande,1.2,24.400000000000002,1.379519983549056,-0.1314593560316042
bulle_plus_grande,1.2,24.5,1.379519983549056,-0.1314593560316042
bulle_plus_grande,1.2,24.6,1.379519983549056,-0.1314593560316042
bulle_plus_grande,1.2,24.7,1.379519983549056,-0.1314593560316042
bulle_plus_grande,1.2,24.8,1.379519983549056,-0.1314593560316042
bulle_plus_grande,1.2,24.900000000000002,1.379519983549056,-0.1314593560316042
bulle_plus_grande,1.2,25.0,1.379519983549056,-0.1314593560316042
bulle_plus_grande,1.2,25.1,1.379519983549056,-0.1314593560316042
bulle_plus_grande,1.2,25.2,1.379519983549056,-0.1314593560316042
bulle_plus_grande,1.2,25.3,1.379519983549056,-0.1314593560316042
bulle_plus_grande,1.2,25.400000000000002,1.379519983549056,-0.1314593560316042
bulle_plus_grande,1.2,25.5,1.379519983549056,-0.1314593560316042
bulle_plus_grande,1.2,25.6,1.379519983549056,-0.1314593560316042
bulle_plus_grande,1.2,25.7,1.379519983549056,-0.1314593560316042
bulle_plus_grande,1.2,25.8,1.379519983549056,-0.1314593560316042
bulle_plus_grande,1.2,25.900000000000002,1.379519983549056,-0.1314593560316042
bulle_plus_grande,1.2,26.0,1.379519983549056,-0.1314593560316042
bulle_plus_grande,1.2,26.1,1.379519983549056,-0.1314593560316042
bulle_plus_grande,1.2,26.2,1.379519983549056,-0.1314593560316042
bulle_plus_grande,1.2,26.3,1.379519983549056,-0.1314593560316042
bulle_plus_grande,1.2,26.400000000000002,1.379519983549056,-0.1314593560316042
bulle_plus_grande,1.2,26.5,1.379519983549056,-0.1314593560316042
bulle_plus_grande,1.2,26.6,1.379519983549056,-0.1314593560316042
bulle_plus_grande,1.2,26.7,1.379519983549056,-0.1314593560316042
bulle_plus_grande,1.2,26.8,1.379519983549056,-0.1314593560316042
bulle_plus_grande,1.2,26.900000000000002,1.379519983549056,-0.1314593560316042
bulle_plus_grande,1.2,27.0,1.379519983549056,-0.1314593560316042
bulle_plus_grande,1.2,27.1,1.379519983549056,-0.1314593560316042
bulle_plus_grande,1.2,27.2,1.379519983549056,-0.1314593560316042
bulle_plus_grande,1.2,27.3,1.379519983549056,-0.1314593560316042
bulle_plus_grande,1.2,27.400000000000002,1.379519983549056,-0.1314593560316042
bulle_plus_grande,1.2,27.5,1.379519983549056,-0.1314593560316042
bulle_plus_grande,1.2,27.6,1.379519983549056,-0.1314593560316042
bulle_plus_grande,1.2,27.7,1.379519983549056,-0.1314593560316042
bulle_plus_grande,1.2,27.8,1.379519983549056,-0.1314593560316042
bulle_plus_grande,1.2,27.900000000000002,1.379519983549056,-0.1314593560316042
bulle_plus_grande,1.2,28.0,1.379519983549056,-0.1314593560316042
bulle_plus_grande,1.2,28.1,1.379519983549056,-0.1314593560316042
bulle_plus_grande,1.2,28.2,1.379519983549056,-0.1314593560316042
bulle_plus_grande,1.2,28.3,1.379519983549056,-0.1314593560316042
bulle_plus_grande,1.2,28.400000000000002,1.379519983549056,-0.1314593560316042
bulle_plus_grande,1.2,28.5,1.379519983549056,-0.1314593560316042
bulle_plus_grande,1.2,28.6,1.379519983549056,-0.1314593560316042
bulle_plus_grande,1.2,28.7,1.379519983549056,-0.1314593560316042
bulle_plus_grande,1.2,28.8,1.379519983549056,-0.1314593560316042
bulle_plus_grande,1.2,28.900000000000002,1.379519983549056,-0.1314593560316042
bulle_plus_grande,1.2,29.0,1.379519983549056,-0.1314593560316042
bulle_plus_grande,1.2,29.1,1.379519983549056,-0.1314593560316042
bulle_plus_grande,1.2,29.2,1.379519983549056,-0.1314593560316042
bulle_plus_grande,1.2,29.3,1.379519983549056,-0.1314593560316042
bulle_plus_grande,1.2,29.400000000000002,1.379519983549056,-0.1314593560316042
bulle_plus_grande,1.2,29.5,1.379519983549056,-0.1314593560316042
bulle_plus_grande,1.2,29.6,1.379519983549056,-0.1314593560316042
bulle_plus_grande,1.2,29.7,1.379519983549056,-0.1314593560316042
bulle_plus_grande,1.2,29.8,1.379519983549056,-0.1314593560316042
bulle_plus_grande,1.2,29.900000000000002,1.379519983549056,-0.1314593560316042
bulle_plus_grande,1.2,30.0,1.379519983549056,-0.1314593560316042
bulle_plus_grande,1.2,30.1,1.379519983549056,-0.1314593560316042
bulle_plus_grande,1.2,30.2,1.379519983549056,-0.1314593560316042
bulle_plus_grande,1.2,30.3,1.379519983549056,-0.1314593560316042
bulle_plus_grande,1.2,30.400000000000002,1.379519983549056,-0.1314593560316042
bulle_plus_grande,1.2,30.5,1.379519983549056,-0.1314593560316042
bulle_plus_grande,1.2,30.6,1.379519983549056,-0.1314593560316042
bulle_plus_grande,1.2,30.7,1.379519983549056,-0.1314593560316042
bulle_plus_grande,1.2,30.8,1.379519983549056,-0.1314593560316042
bulle_plus_grande,1.2,30.900000000000002,1.379519983549056,-0.1314593560316042
bulle_plus_grande,1.2,31.0,1.379519983549056,-0.1314593560316042
bulle_plus_grande,1.2,31.1,1.379519983549056,-0.1314593560316042
bulle_plus_grande,1.2,31.2,1.379519983549056,-0.1314593560316042
bulle_plus_grande,1.2,31.3,1.379519983549056,-0.1314593560316042
bulle_plus_grande,1.2,31.400000000000002,1.379519983549056,-0.1314593560316042
bulle_plus_grande,1.2,31.5,1.379519983549056,-0.1314593560316042
bulle_plus_grande,1.2,31.6,1.379519983549056,-0.1314593560316042
bulle_plus_grande,1.2,31.7,1.379519983549056,-0.1314593560316042
bulle_plus_grande,1.2,31.8,1.379519983549056,-0.1314593560316042
bulle_plus_grande,1.2,31.900000000000002,1.379519983549056,-0.1314593560316042
bulle_plus_grande,1.2,32.0,1.379519983549056,-0.1314593560316042
bulle_plus_grande,1.2,32.1,1.379519983549056,-0.1314593560316042
bulle_plus_grande,1.2,32.2,1.379519983549056,-0.1314593560316042
bulle_plus_grande,1.2,32.3,1.379519983549056,-0.1314593560316042
bulle_plus_grande,1.2,32.4,1.379519983549056,-0.1314593560316042
bulle_plus_grande,1.2,32.5,1.379519983549056,-0.1314593560316042
bulle_plus_grande,1.2,32.6,1.379519983549056,-0.1314593560316042
bulle_plus_grande,1.2,32.7,1.379519983549056,-0.1314593560316042
bulle_plus_grande,1.2,32.8,1.379519983549056,-0.1314593560316042
bulle_plus_grande,1.2,32.9,1.379519983549056,-0.1314593560316042
bulle_plus_grande,1.2,33.0,1.379519983549056,-0.1314593560316042
bulle_plus_grande,1.2,33.1,1.379519983549056,-0.1314593560316042
bulle_plus_grande,1.2,33.2,1.379519983549056,-0.1314593560316042
bulle_plus_grande,1.2,33.3,1.379519983549056,-0.1314593560316042
bulle_plus_grande,1.2,33.4,1.379519983549056,-0.1314593560316042
bulle_plus_grande,1.2,33.5,1.379519983549056,-0.1314593560316042
bulle_plus_grande,1.2,33.6,1.379519983549056,-0.1314593560316042
bulle_plus_grande,1.2,33.7,1.379519983549056,-0.1314593560316042
bulle_plus_grande,1.2,33.8,1.379519983549056,-0.1314593560316042
bulle_plus_grande,1.2,33.9,1.379519983549056,-0.1314593560316042
bulle_plus_grande,1.2,34.0,1.379519983549056,-0.1314593560316042
bulle_plus_grande,1.2,34.1,1.379519983549056,-0.1314593560316042
bulle_plus_grande,1.2,34.2,1.379519983549056,-0.1314593560316042
bulle_plus_grande,1.2,34.300000000000004,1.379519983549056,-0.1314593560316042
bulle_plus_grande,1.2,34.4,1.379519983549056,-0.1314593560316042
bulle_plus_grande,1.2,34.5,1.379519983549056,-0.1314593560316042
bulle_plus_grande,1.2,34.6,1.379519983549056,-0.1314593560316042
bulle_plus_grande,1.2,34.7,1.379519983549056,-0.1314593560316042
bulle_plus_grande,1.2,34.800000000000004,1.379519983549056,-0.1314593560316042
bulle_plus_grande,1.2,34.9,1.379519983549056,-0.1314593560316042
bulle_plus_grande,1.2,35.0,1.379519983549056,-0.1314593560316042
bulle_plus_grande,1.2,35.1,1.379519983549056,-0.1314593560316042
bulle_plus_grande,1.2,35.2,1.379519983549056,-0.1314593560316042
bulle_plus_grande,1.2,35.300000000000004,1.379519983549056,-0.1314593560316042
bulle_plus_grande,1.2,35.4,1.379519983549056,-0.1314593560316042
bulle_plus_grande,1.2,35.5,1.379519983549056,-0.1314593560316042
bulle_plus_grande,1.2,35.6,1.379519983549056,-0.1314593560316042
bulle_plus_grande,1.2,35.7,1.379519983549056,-0.1314593560316042
bulle_plus_grande,1.2,35.800000000000004,1.379519983549056,-0.1314593560316042
bulle_plus_grande,1.2,35.9,1.379519983549056,-0.1314593560316042
bulle_plus_grande,1.2,36.0,1.379519983549056,-0.1314593560316042
bulle_plus_grande,1.2,36.1,1.379519983549056,-0.1314593560316042
bulle_plus_grande,1.2,36.2,1.379519983549056,-0.1314593560316042
bulle_plus_grande,1.2,36.300000000000004,1.379519983549056,-0.1314593560316042
bulle_plus_grande,1.2,36.4,1.379519983549056,-0.1314593560316042
bulle_plus_grande,1.2,36.5,1.379519983549056,-0.1314593560316042
bulle_plus_grande,1.2,36.6,1.379519983549056,-0.1314593560316042
bulle_plus_grande,1.2,36.7,1.379519983549056,-0.1314593560316042
bulle_plus_grande,1.2,36.800000000000004,1.379519983549056,-0.1314593560316042
bulle_plus_grande,1.2,36.9,1.379519983549056,-0.1314593560316042
bulle_plus_grande,1.2,37.0,1.379519983549056,-0.1314593560316042
bulle_plus_grande,1.2,37.1,1.379519983549056,-0.1314593560316042
bulle_plus_grande,1.2,37.2,1.379519983549056,-0.1314593560316042
bulle_plus_grande,1.2,37.300000000000004,1.379519983549056,-0.1314593560316042
bulle_plus_grande,1.2,37.4,1.379519983549056,-0.1314593560316042
bulle_plus_grande,1.2,37.5,1.379519983549056,-0.1314593560316042
bulle_plus_grande,1.2,37.6,1.379519983549056,-0.1314593560316042
bulle_plus_grande,1.2,37.7,1.379519983549056,-0.1314593560316042
bulle_plus_grande,1.2,37.800000000000004,1.379519983549056,-0.1314593560316042
bulle_plus_grande,1.2,37.9,1.379519983549056,-0.1314593560316042
bulle_plus_grande,1.2,38.0,1.379519983549056,-0.1314593560316042
bulle_plus_grande,1.2,38.1,1.379519983549056,-0.1314593560316042
bulle_plus_grande,1.2,38.2,1.379519983549056,-0.1314593560316042
bulle_plus_grande,1.2,38.300000000000004,1.379519983549056,-0.1314593560316042
bulle_plus_grande,1.2,38.4,1.379519983549056,-0.1314593560316042
bulle_plus_grande,1.2,38.5,1.379519983549056,-0.1314593560316042
bulle_plus_grande,1.2,38.6,1.379519983549056,-0.1314593560316042
bulle_plus_grande,1.2,38.7,1.379519983549056,-0.1314593560316042
bulle_plus_grande,1.2,38.800000000000004,1.379519983549056,-0.1314593560316042
bulle_plus_grande,1.2,38.9,1.379519983549056,-0.1314593560316042
bulle_plus_grande,1.2,39.0,1.379519983549056,-0.1314593560316042
bulle_plus_grande,1.2,39.1,1.379519983549056,-0.1314593560316042
bulle_plus_grande,1.2,39.2,1.379519983549056,-0.1314593560316042
bulle_plus_grande,1.2,39.300000000000004,1.379519983549056,-0.1314593560316042
bulle_plus_grande,1.2,39.4,1.379519983549056,-0.1314593560316042
bulle_plus_grande,1.2,39.5,1.379519983549056,-0.1314593560316042
bulle_plus_grande,1.2,39.6,1.379519983549056,-0.1314593560316042
bulle_plus_grande,1.2,39.7,1.379519983549056,-0.1314593560316042
bulle_plus_grande,1.2,39.800000000000004,1.379519983549056,-0.1314593560316042
bulle_plus_grande,1.2,39.9,1.379519983549056,-0.1314593560316042
bulle_plus_grande,1.2,40.0,1.379519983549056,-0.1314593560316042
bulle_plus_grande,1.2,40.1,1.379519983549056,-0.1314593560316042
bulle_plus_grande,1.2,40.2,1.379519983549056,-0.1314593560316042
bulle_plus_grande,1.2,40.300000000000004,1.379519983549056,-0.1314593560316042
bulle_plus_grande,1.2,40.4,1.379519983549056,-0.1314593560316042
bulle_plus_grande,1.2,40.5,1.379519983549056,-0.1314593560316042
bulle_plus_grande,1.2,40.6,1.379519983549056,-0.1314593560316042
bulle_plus_grande,1.2,40.7,1.379519983549056,-0.1314593560316042
bulle_plus_grande,1.2,40.800000000000004,1.379519983549056,-0.1314593560316042
bulle_plus_grande,1.2,40.9,1.379519983549056,-0.1314593560316042
bulle_plus_grande,1.2,41.0,1.379519983549056,-0.1314593560316042
bulle_plus_grande,1.2,41.1,1.379519983549056,-0.1314593560316042
bulle_plus_grande,1.2,41.2,1.379519983549056,-0.1314593560316042
bulle_plus_grande,1.2,41.300000000000004,1.379519983549056,-0.1314593560316042
bulle_plus_grande,1.2,41.4,1.379519983549056,-0.1314593560316042
bulle_plus_grande,1.2,41.5,1.379519983549056,-0.1314593560316042
bulle_plus_grande,1.2,41.6,1.379519983549056,-0.1314593560316042
bulle_plus_grande,1.2,41.7,1.379519983549056,-0.1314593560316042
bulle_plus_grande,1.2,41.800000000000004,1.379519983549056,-0.1314593560316042
bulle_plus_grande,1.2,41.9,1.379519983549056,-0.1314593560316042
bulle_plus_grande,1.2,42.0,1.379519983549056,-0.1314593560316042
bulle_plus_grande,1.2,42.1,1.379519983549056,-0.1314593560316042
bulle_plus_grande,1.2,42.2,1.379519983549056,-0.1314593560316042
bulle_plus_grande,1.2,42.300000000000004,1.379519983549056,-0.1314593560316042
bulle_plus_grande,1.2,42.4,1.379519983549056,-0.1314593560316042
bulle_plus_grande,1.2,42.5,1.379519983549056,-0.1314593560316042
bulle_plus_grande,1.2,42.6,1.379519983549056,-0.1314593560316042
bulle_plus_grande,1.2,42.7,1.379519983549056,-0.1314593560316042
bulle_plus_grande,1.2,42.800000000000004,1.379519983549056,-0.1314593560316042
bulle_plus_grande,1.2,42.9,1.379519983549056,-0.1314593560316042
bulle_plus_grande,1.2,43.0,1.379519983549056,-0.1314593560316042
bulle_plus_grande,1.2,43.1,1.379519983549056,-0.1314593560316042
bulle_plus_grande,1.2,43.2,1.379519983549056,-0.1314593560316042
bulle_plus_grande,1.2,43.300000000000004,1.379519983549056,-0.1314593560316042
bulle_plus_grande,1.2,43.4,1.379519983549056,-0.1314593560316042
bulle_plus_grande,1.2,43.5,1.379519983549056,-0.1314593560316042
bulle_plus_grande,1.2,43.6,1.379519983549056,-0.1314593560316042
bulle_plus_grande,1.2,43.7,1.379519983549056,-0.1314593560316042
bulle_plus_grande,1.2,43.800000000000004,1.379519983549056,-0.1314593560316042
bulle_plus_grande,1.2,43.9,1.379519983549056,-0.1314593560316042
bulle_plus_grande,1.2,44.0,1.379519983549056,-0.1314593560316042
bulle_plus_grande,1.2,44.1,1.379519983549056,-0.1314593560316042
bulle_plus_grande,1.2,44.2,1.379519983549056,-0.1314593560316042
bulle_plus_grande,1.2,44.300000000000004,1.379519983549056,-0.1314593560316042
bulle_plus_grande,1.2,44.4,1.379519983549056,-0.1314593560316042
bulle_plus_grande,1.2,44.5,1.379519983549056,-0.1314593560316042
bulle_plus_grande,1.2,44.6,1.379519983549056,-0.1314593560316042
bulle_plus_grande,1.2,44.7,1.379519983549056,-0.1314593560316042
bulle_plus_grande,1.2,44.800000000000004,1.379519983549056,-0.1314593560316042
bulle_plus_grande,1.2,44.9,1.379519983549056,-0.1314593560316042
bulle_plus_grande,1.2,45.0,1.379519983549056,-0.1314593560316042
bulle_plus_grande,1.2,45.1,1.379519983549056,-0.1314593560316042
bulle_plus_grande,1.2,45.2,1.379519983549056,-0.1314593560316042
bulle_plus_grande,1.2,45.300000000000004,1.379519983549056,-0.1314593560316042
bulle_plus_grande,1.2,45.4,1.379519983549056,-0.1314593560316042
bulle_plus_grande,1.2,45.5,1.379519983549056,-0.1314593560316042
bulle_plus_grande,1.2,45.6,1.379519983549056,-0.1314593560316042
bulle_plus_grande,1.2,45.7,1.379519983549056,-0.1314593560316042
bulle_plus_grande,1.2,45.800000000000004,1.379519983549056,-0.1314593560316042
bulle_plus_grande,1.2,45.9,1.379519983549056,-0.1314593560316042
bulle_plus_grande,1.2,46.0,1.379519983549056,-0.1314593560316042
bulle_plus_grande,1.2,46.1,1.379519983549056,-0.1314593560316042
bulle_plus_grande,1.2,46.2,1.379519983549056,-0.1314593560316042
bulle_plus_grande,1.2,46.300000000000004,1.379519983549056,-0.1314593560316042
bulle_plus_grande,1.2,46.4,1.379519983549056,-0.1314593560316042
bulle_plus_grande,1.2,46.5,1.379519983549056,-0.1314593560316042
bulle_plus_grande,1.2,46.6,1.379519983549056,-0.1314593560316042
bulle_plus_grande,1.2,46.7,1.379519983549056,-0.1314593560316042
bulle_plus_grande,1.2,46.800000000000004,1.379519983549056,-0.1314593560316042
bulle_plus_grande,1.2,46.9,1.379519983549056,-0.1314593560316042
bulle_plus_grande,1.2,47.0,1.379519983549056,-0.1314593560316042
bulle_plus_grande,1.2,47.1,1.379519983549056,-0.1314593560316042
bulle_plus_grande,1.2,47.2,1.379519983549056,-0.1314593560316042
bulle_plus_grande,1.2,47.300000000000004,1.379519983549056,-0.1314593560316042
bulle_plus_grande,1.2,47.4,1.379519983549056,-0.1314593560316042
bulle_plus_grande,1.2,47.5,1.379519983549056,-0.1314593560316042
bulle_plus_grande,1.2,47.6,1.379519983549056,-0.1314593560316042
bulle_plus_grande,1.2,47.7,1.379519983549056,-0.1314593560316042
bulle_plus_grande,1.2,47.800000000000004,1.379519983549056,-0.1314593560316042
bulle_plus_grande,1.2,47.9,1.379519983549056,-0.1314593560316042
bulle_plus_grande,1.2,48.0,1.379519983549056,-0.1314593560316042
bulle_plus_grande,1.2,48.1,1.379519983549056,-0.1314593560316042
bulle_plus_grande,1.2,48.2,1.379519983549056,-0.1314593560316042
bulle_plus_grande,1.2,48.300000000000004,1.379519983549056,-0.1314593560316042
bulle_plus_grande,1.2,48.4,1.379519983549056,-0.1314593560316042
bulle_plus_grande,1.2,48.5,1.379519983549056,-0.1314593560316042
bulle_plus_grande,1.2,48.6,1.379519983549056,-0.1314593560316042
bulle_plus_grande,1.2,48.7,1.379519983549056,-0.1314593560316042
bulle_plus_grande,1.2,48.800000000000004,1.379519983549056,-0.1314593560316042
bulle_plus_grande,1.2,48.9,1.379519983549056,-0.1314593560316042
bulle_plus_grande,1.2,49.0,1.379519983549056,-0.1314593560316042
bulle_plus_grande,1.2,49.1,1.379519983549056,-0.1314593560316042
bulle_plus_grande,1.2,49.2,1.379519983549056,-0.1314593560316042
bulle_plus_grande,1.2,49.300000000000004,1.379519983549056,-0.1314593560316042
bulle_plus_grande,1.2,49.4,1.379519983549056,-0.1314593560316042
bulle_plus_grande,1.2,49.5,1.379519983549056,-0.1314593560316042
bulle_plus_grande,1.2,49.6,1.379519983549056,-0.1314593560316042
bulle_plus_grande,1.2,49.7,1.379519983549056,-0.1314593560316042
bulle_plus_grande,1.2,49.800000000000004,1.379519983549056,-0.1314593560316042
bulle_plus_grande,1.2,49.9,1.379519983549056,-0.1314593560316042
bulle_plus_grande,1.2,50.0,1.379519983549056,-0.1314593560316042
bulle_plus_grande,1.2,50.1,1.379519983549056,-0.1314593560316042
bulle_plus_grande,1.2,50.2,1.379519983549056,-0.1314593560316042
bulle_plus_grande,1.2,50.300000000000004,1.379519983549056,-0.1314593560316042
bulle_plus_grande,1.2,50.4,1.379519983549056,-0.1314593560316042
bulle_plus_grande,1.2,50.5,1.379519983549056,-0.1314593560316042
bulle_plus_grande,1.2,50.6,1.379519983549056,-0.1314593560316042
bulle_plus_grande,1.2,50.7,1.379519983549056,-0.1314593560316042
bulle_plus_grande,1.2,50.800000000000004,1.379519983549056,-0.1314593560316042
bulle_plus_grande,1.2,50.9,1.379519983549056,-0.1314593560316042
bulle_plus_grande,1.2,51.0,1.379519983549056,-0.1314593560316042
bulle_plus_grande,1.2,51.1,1.379519983549056,-0.1314593560316042
bulle_plus_grande,1.2,51.2,1.379519983549056,-0.1314593560316042
bulle_plus_grande,1.2,51.300000000000004,1.379519983549056,-0.1314593560316042
bulle_plus_grande,1.2,51.4,1.379519983549056,-0.1314593560316042
bulle_plus_grande,1.2,51.5,1.379519983549056,-0.1314593560316042
bulle_plus_grande,1.2,51.6,1.379519983549056,-0.1314593560316042
bulle_plus_grande,1.2,51.7,1.379519983549056,-0.1314593560316042
bulle_plus_grande,1.2,51.800000000000004,1.379519983549056,-0.1314593560316042
bulle_plus_grande,1.2,51.9,1.379519983549056,-0.1314593560316042
bulle_plus_grande,1.2,52.0,1.379519983549056,-0.1314593560316042
bulle_plus_grande,1.2,52.1,1.379519983549056,-0.1314593560316042
bulle_plus_grande,1.2,52.2,1.379519983549056,-0.1314593560316042
bulle_plus_grande,1.2,52.300000000000004,1.379519983549056,-0.1314593560316042
bulle_plus_grande,1.2,52.4,1.379519983549056,-0.1314593560316042
bulle_plus_grande,1.2,52.5,1.379519983549056,-0.1314593560316042
bulle_plus_grande,1.2,52.6,1.379519983549056,-0.1314593560316042
bulle_plus_grande,1.2,52.7,1.379519983549056,-0.1314593560316042
bulle_plus_grande,1.2,52.800000000000004,1.379519983549056,-0.1314593560316042
bulle_plus_grande,1.2,52.9,1.379519983549056,-0.1314593560316042
bulle_plus_grande,1.2,53.0,1.379519983549056,-0.1314593560316042
bulle_plus_grande,1.2,53.1,1.379519983549056,-0.1314593560316042
bulle_plus_grande,1.2,53.2,1.379519983549056,-0.1314593560316042
bulle_plus_grande,1.2,53.300000000000004,1.379519983549056,-0.1314593560316042
bulle_plus_grande,1.2,53.4,1.379519983549056,-0.1314593560316042
bulle_plus_grande,1.2,53.5,1.379519983549056,-0.1314593560316042
bulle_plus_grande,1.2,53.6,1.379519983549056,-0.1314593560316042
bulle_plus_grande,1.2,53.7,1.379519983549056,-0.1314593560316042
bulle_plus_grande,1.2,53.800000000000004,1.379519983549056,-0.1314593560316042
bulle_plus_grande,1.2,53.9,1.379519983549056,-0.1314593560316042
bulle_plus_grande,1.2,54.0,1.379519983549056,-0.1314593560316042
bulle_plus_grande,1.2,54.1,1.379519983549056,-0.1314593560316042
bulle_plus_grande,1.2,54.2,1.379519983549056,-0.1314593560316042
bulle_plus_grande,1.2,54.300000000000004,1.379519983549056,-0.1314593560316042
bulle_plus_grande,1.2,54.4,1.379519983549056,-0.1314593560316042
bulle_plus_grande,1.2,54.5,1.379519983549056,-0.1314593560316042
bulle_plus_grande,1.2,54.6,1.379519983549056,-0.1314593560316042
bulle_plus_grande,1.2,54.7,1.379519983549056,-0.1314593560316042
bulle_plus_grande,1.2,54.800000000000004,1.379519983549056,-0.1314593560316042
bulle_plus_grande,1.2,54.9,1.379519983549056,-0.1314593560316042
bulle_plus_grande,1.2,55.0,1.379519983549056,-0.1314593560316042
bulle_plus_grande,1.2,55.1,1.379519983549056,-0.1314593560316042
bulle_plus_grande,1.2,55.2,1.379519983549056,-0.1314593560316042
bulle_plus_grande,1.2,55.300000000000004,1.379519983549056,-0.1314593560316042
bulle_plus_grande,1.2,55.4,1.379519983549056,-0.1314593560316042
bulle_plus_grande,1.2,55.5,1.379519983549056,-0.1314593560316042
bulle_plus_grande,1.2,55.6,1.379519983549056,-0.1314593560316042
bulle_plus_grande,1.2,55.7,1.379519983549056,-0.1314593560316042
bulle_plus_grande,1.2,55.800000000000004,1.379519983549056,-0.1314593560316042
bulle_plus_grande,1.2,55.9,1.379519983549056,-0.1314593560316042
bulle_plus_grande,1.2,56.0,1.379519983549056,-0.1314593560316042
bulle_plus_grande,1.2,56.1,1.379519983549056,-0.1314593560316042
bulle_plus_grande,1.2,56.2,1.379519983549056,-0.1314593560316042
bulle_plus_grande,1.2,56.300000000000004,1.379519983549056,-0.1314593560316042
bulle_plus_grande,1.2,56.4,1.379519983549056,-0.1314593560316042
bulle_plus_grande,1.2,56.5,1.379519983549056,-0.1314593560316042
bulle_plus_grande,1.2,56.6,1.379519983549056,-0.1314593560316042
bulle_plus_grande,1.2,56.7,1.379519983549056,-0.1314593560316042
bulle_plus_grande,1.2,56.800000000000004,1.379519983549056,-0.1314593560316042
bulle_plus_grande,1.2,56.9,1.379519983549056,-0.1314593560316042
bulle_plus_grande,1.2,57.0,1.379519983549056,-0.1314593560316042
bulle_plus_grande,1.2,57.1,1.379519983549056,-0.1314593560316042
bulle_plus_grande,1.2,57.2,1.379519983549056,-0.1314593560316042
bulle_plus_grande,1.2,57.300000000000004,1.379519983549056,-0.1314593560316042
bulle_plus_grande,1.2,57.4,1.379519983549056,-0.1314593560316042
bulle_plus_grande,1.2,57.5,1.379519983549056,-0.1314593560316042
bulle_plus_grande,1.2,57.6,1.379519983549056,-0.1314593560316042
bulle_plus_grande,1.2,57.7,1.379519983549056,-0.1314593560316042
bulle_plus_grande,1.2,57.800000000000004,1.379519983549056,-0.1314593560316042
bulle_plus_grande,1.2,57.9,1.379519983549056,-0.1314593560316042
bulle_plus_grande,1.2,58.0,1.379519983549056,-0.1314593560316042
bulle_plus_grande,1.2,58.1,1.379519983549056,-0.1314593560316042
bulle_plus_grande,1.2,58.2,1.379519983549056,-0.1314593560316042
bulle_plus_grande,1.2,58.300000000000004,1.379519983549056,-0.1314593560316042
bulle_plus_grande,1.2,58.4,1.379519983549056,-0.1314593560316042
bulle_plus_grande,1.2,58.5,1.379519983549056,-0.1314593560316042
bulle_plus_grande,1.2,58.6,1.379519983549056,-0.1314593560316042
bulle_plus_grande,1.2,58.7,1.379519983549056,-0.1314593560316042
bulle_plus_grande,1.2,58.800000000000004,1.379519983549056,-0.1314593560316042
bulle_plus_grande,1.2,58.9,1.379519983549056,-0.1314593560316042
bulle_plus_grande,1.2,59.0,1.379519983549056,-0.1314593560316042
bulle_plus_grande,1.2,59.1,1.379519983549056,-0.1314593560316042
bulle_plus_grande,1.2,59.2,1.379519983549056,-0.1314593560316042
bulle_plus_grande,1.2,59.300000000000004,1.379519983549056,-0.1314593560316042
bulle_plus_grande,1.2,59.4,1.379519983549056,-0.1314593560316042
bulle_plus_grande,1.2,59.5,1.379519983549056,-0.1314593560316042
bulle_plus_grande,1.2,59.6,1.379519983549056,-0.1314593560316042
bulle_plus_grande,1.2,59.7,1.379519983549056,-0.1314593560316042
bulle_plus_grande,1.2,59.800000000000004,1.379519983549056,-0.1314593560316042
bulle_plus_grande,1.2,59.9,1.379519983549056,-0.1314593560316042
bulle_plus_grande,1.2,60.0,1.379519983549056,-0.1314593560316042
